title,description,location,features,date,price
Book 1 bhk at Regent hill hiranandani powai,""" *Regent Hill* "" at hiranandani powai  •	Semi Furnished 1 BHK. •	Modular Kitchen along with the white goods (Refrigerator, Washing Machine, Hob & Chimney, Air conditioners in living room and bedroom).  •	Club House and Swimming pool. •	23 floors residential complex with 5 wings. •	Landscape garden.   Configuration & Pricing:  1 BHK - 379 RERA Carpet  CLP – 1.51 cr all in.  Agarwal Property Consultants","India, Maharashtra, Mumbai, Powai",1 Bds - 1 Ba - 550 ft2,2021-04-17T19:02:57+0000,"₹ 1,51,00,000"
4BHK Near Kenichira,"Newly built contemporary style 4BHK villa in Half acre plot.     Distance in KM:   Kenichira - 3. Banks, Government & Private hospitals, CBSE School, Supermarket, Resorts & Restaurants.   Sultan Bathery - 17 (One of the 3 main towns of Wayanad)   Kalpetta - 20 (District head quarters)   Kozhikode (Railway station) - 93   Kannur international airport - 92   Calicut international airport - 103   Mysore - 126   Bangalore - 276    The villa is newly built.     2880 SqFt plinth area.   High specification construction materials used and with best finishes.    Clear titles and bank loan available as per the buyer’s eligibility.    Price & purchase options:  I am Johny, got into an MOU with the landlord, who is my neighbor and good friend.   Price we quote is 85 Lakhs including half acre of land with 47 Meter  public tar road frontage.   Option is open to buy more adjoining land to the extent of further 30cents @ 60,000/- per cent.   Alternatively, option is open to buy the villa & 30cents land for 75 Lakhs.   All these prices are slightly negotiable depending on the time to conclude registration.   You are welcome to have a site visit and we would be happy to share all relevant data if you have any further queries.  Johny. Wayanad Blooms","India, Kerala, Wayanad, Sulthan Bathery",4 Bds - 4 Ba - 2880 ft2,2021-06-08T03:07:12+0000,"₹ 85,00,000"
"Silver Spring Villas-Valayanchirangara Project, 1930 sqft, 5.25 cent.","Silver Spring Villas- Valayanchirangara Project.  Near by Valayanchirangara junction.  It's Bank approved project.  Villa_1930 sqft, 4 bedroom, 4 bathroom ( 4 bedroom all attached), semifurnished, 2 kitchen ( modular, work area), 5.25 cent.  4 mtr internal tar road on project.  Open well water available.  Walking distance to bus stop ( perumbavoor muvatupuzha road), 1.5 km distance from mc road.","India, Kerala, Muvattupuzha, Muvattupuzha",4 Bds - 4 Ba - 1930 ft2,2021-06-08T03:06:10+0000,"₹ 52,00,000"
3 bhk floors at kharar 1890000,3 bhk floors at kharar 1890000/- ready 90% loan from govt banks,"India, Punjab, Kharar, Preet Nagar",3 Bds - 3 Ba - 1000 ft2,2021-06-08T03:05:25+0000,"₹ 18,90,000"
3 Bhk Apartment at Prime Location Near Sec 20 Panchkula,"3 Bhk Apartment at Prime Location Near Sec 20 Panchkula  Rs.53.90 Lac     Location- Peermucchla Adjoining Sector 20 Panchkula.  * Specially designed lift for exclusive 8 apartments * Double Entry Exit in the Society  * Project located on corner’s plot  * 2 Flats on each Floor * Both Side Open Apartments * Every Apartment Park facing  * 40,000 plus green area with lifestyle features * Club House, Gym, Indoor Games, Kids Play Area, * 24 Hrs. Power Back up, Water Supply & Three Tier Security System.","India, Punjab, Zirakpur, Dhakauli",3 Bds - 3 Ba - 1450 ft2,2021-06-08T03:04:07+0000,"₹ 54,90,000"
Newly 3 bhk Apartments Ready to Move,Newly 3 Bhk Apartment for Sale in DPS Road Dhakoli  Stilt Parking with Store Gated Society,"India, Punjab, Zirakpur, Dhakauli",3 Bds - 2 Ba - 900 ft2,2021-06-08T03:03:45+0000,"₹ 28,90,000"
Bungalow for urgent sale,Road thi 4 foot uchu che  4 baje thi jagya chode li che,"India, Gujarat, Ahmedabad, Bapu Nagar",2 Bds - 2 Ba - 1580 ft2,2021-06-08T03:01:30+0000,"₹ 40,00,000"
DUPLEX  BUNGLOW  PROJECT BAMUNARA  MUCHIPARA NEAR,"SIDHI VINAYAK  RESIDANCE  DUPLEX  BUNGLOW  PROJECT 16 FEET ROAD ELECTRIC  CONECTIUON WATER CONECTION                                 SCHOOL   DELHI PUBLIC SCHOOL 3.5 K.M DURGAPUR PUBLIC 3 K.M. AMMA SCHOOL 3K.M STJAVIERS  3.7 K.M.  BAMUNARA MAIN MARKET  5 00 MITERS  MUCHIPARA  MARKET  2K.M. BIDDHENNAGAR MARKET 4K.M.                           BANK  SBI  ATM  200 MITER ALL BANK  1 K.M . 	  MUCHIPARA  1.5 K.M BAMUNARA  ROAD   MISSION HOSPITAL  3K.M. BIDDHEN NAGAR HOSPITAL 4 K.M GOURI DEVI HOSPITAL 5 K.M. NATION HOSPITAL 1 K.M SANAKA HOSPITAL  5 K.M. MUCHIPARA BUS STAND  2 K.M   RAILWAY STATION  5 K.M DURGAPUR RAILWAY STATION CITY CENTRE BUS STAND  7 K.M. ONLY  DUPLEX BUNGLOW  HOUSE  Bank loan approved from HDFC home loans. State bank of indian, united bank of india. Bank of baroda, indiabulls and idbi bank.    FULLY COMPLETE  PROJECT","India, West Bengal, Durgapur, Muchipara",2 Bds - 2 Ba - 750 ft2,2021-06-08T03:01:26+0000,"₹ 26,00,000"
Kumhari Housing Board colony me Sr MIG makan bechna hai,"Kumhari housing board colony me senior MIG no 478, 2000 sqft , plot area, sale karna hai","India, Chhattisgarh, Durg, MIG Colony",3 Bds - 2 Ba - 1100 ft2,2021-06-08T03:01:14+0000,"₹ 60,00,000"
Dandesara  Shivnath me 35000 sqft land   wooden cottage bechna hai,"परिवार के साथ Weekend मनाने के लिए,  रायपुर से 51 किमी, भिलाई से 20 किमी, दुर्ग से 16 किमी दूर, नगपुरा के पास dandesara में 35000 sqft जमीन के sath, wooden cottage फार्म house बेचना है, 25 लाख चुकता में बेचना है,,  शिवनाथ नदी से 500 मीटर की दूरी पर है, बहुत ही सुंदर जंगल से लगा हुआ जमीन,   बोर के साथ  Boundary, गेट और fencing के साथ  सामने रोड है,  कार से जा सकते है,   पलंग,  डायनिंग टेबल,  बाथरूम फिटिंग के साथ में","India, Chhattisgarh, Durg, Hari Nagar",1 Bds - 1 Ba - 550 ft2,2021-06-08T03:01:14+0000,"₹ 25,00,000"
14×36 Size Ro House for Sell at Olpad Sayan road.,Ready in 5-6 month's With laxureouse emenitys 100% white payment terms 80-90% loaneble More details for call on projects name.,"India, Gujarat, Surat, Jahangir Pura",1 Bds - 1 Ba - 504 ft2,2021-06-08T03:01:13+0000,"₹ 11,11,000"
COMMINGSOOON 19 FLOOR HIGH RISE BUILDING at Pal tp10 Gaurav path Road.,1st time in Adajan- Pal tp10 Gaurav path Road & 150ft BRTS Bus  root Touch 19th floor Highrise Building CommingSooon.laxureouse Building with Extra Foyer . Maximum Useble Carpet area. More details & Site Visit For Direct Call me Or Visit Our Office - Mr.Viny Tailor 126/Solitaire Quays opp New D Mart Jahangirabad Canal Road Surat.,"India, Gujarat, Surat, Adajan",2 Bds - 2 Ba - 1127 ft2,2021-06-08T03:01:13+0000,"₹ 39,98,000"
3bhk in mangadu near kamachi amman temple,-Resale property 5 year old -500 meter from main road -Walkable from mangadu amman temple. -House sale with Full furnished including furnisher. -Car parking -Negotiable price -Duplex house -30 ft road -Bore water level 50 ft -Cmda approved -5km from kundrathur -6km from porur -1 km from poonamalle -800 m from main road,"India, Tamil Nadu, Chennai, Mangadu",3 Bds - 3 Ba - 2000 ft2,2021-06-08T03:01:12+0000,"₹ 86,00,000"
Independent house,Gated township fully developed area Lal kaun se dadri road pe aaj hi sift ho jaye Bs 1 lac deke baaki loan facility,"India, Uttar Pradesh, Greater Noida, Achheja",1 Bds - 1 Ba - 500 ft2,2021-06-08T03:01:12+0000,"₹ 15,50,000"
70Gaj 2BHK House Sale 50Mtrs From Durga Mandir Banjarawala,70Gaj 2BHK House Sale 50Mtrs From Durga Mandir Banjarawala,"India, Uttaranchal, Dehradun, Banjarawala",2 Bds - 2 Ba - 800 ft2,2021-06-08T03:01:12+0000,"₹ 30,00,000"
Luxirious JDA approved 3 Bhk Duplex at Vidhyadhar Nagar sector-1,"Premium Ultra Luxirious 3 Bhk Duplex on very prime location at VidhyadharNagar, Sector-1, Sikar Road *Jaipur Railway station- 6 km *Sikar road- 1 km *Area- 90 mtr *Complete Vastu friendly *In a good community *Semi furnished with modular kitchen *80%-90% Loanable with govt. subsidy (2.67 lack) *All electrical underground *Best quality electrical fitting & wiring ensure safely & well going *Complete functional bathroom fitted with best quality bath fitments *Parking ensuring safe keep your vehicle *Separate roof right *All common facilities available near by project like School, Market, Hospital available here  For more projects details & visit site please contact *Brokers please don't call...Thanks Selected Homes","India, Rajasthan, Jaipur, Vidhyadhar Nagar",3 Bds - 3 Ba - 2100 ft2,2021-06-08T03:01:12+0000,"₹ 1,00,00,000"
3bhk spacious fully furnished flats in sector near airport road mohali,Call for more information.,"India, Punjab, Mohali, Sector 127",3 Bds - 3 Ba - 1580 ft2,2021-06-02T12:40:50+0000,"₹ 36,90,000"
duplex house for sale on mirakot road amritsar,duplex house for sale on mirakot road amritsar call us on 9417Q36266,"India, Punjab, Amritsar, Mirankot Rd",3 Bds - 3 Ba - 1350 ft2,2021-05-11T05:46:39+0000,"₹ 29,30,000"
Great opportunity to buy  3 BHK Flats with 3 Balconies Vasna Bhayli Ro,"Great opportunity to buy  3 BHK Flats with 3 Balconies Vasna Bhayli Road Build up Area: 1192 sq.ft. ""Please call for more details""","India, Gujarat, Vadodara, Old Padra Road",3 Bds - 3 Ba - 00 ft2,2021-05-26T05:14:47+0000,"₹ 39,99,054"
"! LARGE 1 BHK FLAT AT GOODWILL BREEZZA, DHANORI AT 36 LACS ONLY.700 SQ","! LARGE 1 BHK FLAT AT GOODWILL BREEZZA, DHANORI AT 35 LACS ONLY.700 SQFT.  MOST PRIME LOCATION OF DHANORI  MOST REPUTED BUILDER  WITH ALL AMMENITIES  1 BHK AT 36 LACS  CALL IMMEDIATELY !","India, Maharashtra, Pune, Tingre Nagar",1 Bds - 1 Ba - 700 ft2,2021-06-08T03:01:11+0000,"₹ 36,00,000"
Plot for sale,"This plot is in trivandrum corperation. ie in monvila near Technopark area attipra village,kulathoor post,Trivandrum.House can  be reconstructed or can be build new. One well, electrified etc, only plot value is demanding. Jappan water connection is near. Street light etc. 4 cent. 3 metre road side which is interlocked.","India, Kerala, Thiruvananthapuram, Kazhakoottam",2 Bds - 1 Ba - 500 ft2,2021-05-11T13:29:22+0000,"₹ 21,00,000"
1BHK Apartment for Sale in Builder EMI -  Wagholi,"1bhk flats with 2 wheeler reserved parking, CCTV camera, security guard, water, Lift,  flat cost 16 lack incl all exp e.g stamp duty, registration, adv charges, parking, MSEB charges. Ready Possession Easy 50 EMI option from builder per month 16,000/- only","India, Maharashtra, Pune, Wagholi",1 Bds - 1 Ba - 500 ft2,2021-05-02T10:06:41+0000,"₹ 15,00,586"
2bhk first floor available for sale,2bhk first floor available for sale  call us for more info 9417Q36266,"India, Punjab, Amritsar, Mirankot Rd",2 Bds - 2 Ba - 1050 ft2,2021-05-11T05:48:54+0000,"₹ 22,00,000"
711 sqft ready flat in railway station road,711 sqft ready flat in railway station road,"India, West Bengal, Kolkata, Madhyamgram",2 Bds - 2 Ba - 711 ft2,2021-06-01T03:41:05+0000,"₹ 16,35,000"
Villa for sale in Lal kaun to dadri road,Gated township fully developed area.near Lal kaun to dadri road Bijli pani ki suvidha ke shaath  Pmay 2.67 lac subsidy available Bank also available,"India, Uttar Pradesh, Greater Noida, Achheja",1 Bds - 1 Ba - 500 ft2,2021-06-01T03:21:51+0000,"₹ 20,00,000"
Very Good HouseThirumalaThachottukavu,3.500cent1700sq4bhk,"India, Kerala, Thiruvananthapuram, Thirumala",4 Bds - 4 Ba - 1600 ft2,2021-06-07T18:48:37+0000,"₹ 52,00,000"
Kahilipara duplex&Penthouses Reesel flat,"In Jatia Kahilipara, duplex and Penthouse flat near Jatia SBI Bank. There is a Open terrace of  700sqft  and  flat area of 1600sqft . In the 3rd floor, 2 bedrooms, 1 bathrooms, drawing and dining room, 1kitchen, 1 balconies are there. In the  4th floor, 1 bedroom, 1 bathroom, drawing room, and open terrace are there . 1 lift, 1 car parking.  GST and car parking is including.   24/7 electricity backup and   running water.  It  is a very good location. Genuine buyers please call me.","India, Assam, Guwahati, Kahilpara",3 Bds - 2 Ba - 2300 ft2,2021-06-01T03:19:13+0000,"₹ 80,00,000"
Single floor 40 villas vattiyoorkavu kavinpuram,Nihara homes  Price 35 lakhs  വട്ടിയൂർകാവ് ൽ നിന്നും പുളിയറകോണം വഴി കാവിൻപുറം ജംഗ്ഷനിൽ അടുത്തായി. പേയാട് നിന്നും കൊല്ലംകോണം വഴി 24 hour busroot ൽ നിന്നും. 500. Meeter മാത്രം ദൂരത്തിൽ 40 single floor villas ൽ പണി പൂർത്തിയായതും പണി നടക്കുന്നതുമായ ഇനിയും 34 villas വില്പനയ്ക്  4 cent ൽ 1050 sqft 3 bedroom attached washroom and cupbords 2 car വരെ പാർക്ചെയ്യുവാൻ സാധിക്കുന്ന 5 meeter tar road ഉള്ള villa project ആണ്.35 lakhs negotiable.90% loan available for eligible buyer. Booking available 33 lakhs onwards,"India, Kerala, Thiruvananthapuram, Puliyarakonam",3 Bds - 3 Ba - 1050 ft2,2021-06-01T03:38:57+0000,"₹ 35,00,000"
400 meeter from peyad junction near main road,Nihara homes  Price 59 lakhs  തിരുമലയിൽ നിന്നും 3.5 km മാറി പേയാട് junction ൽ നിന്ന് വെറും 500 meeter മാത്രം ദൂരത്തിൽ 4 cent ൽ 1550 sqft 3bedroom വളരെ മികച്ച രീതിയിൽ പണി കഴിപ്പിച്ച ഇരുനില veedu വില്പനയ്ക് പൂർണമായും വാസ്തു വിധിപ്രകാരം വീടിന്റെ നിർമാണം 90% loan available for eligible buyers.,"India, Kerala, Thiruvananthapuram, Thirumala",3 Bds - 3 Ba - 1550 ft2,2021-06-01T03:38:57+0000,"₹ 59,00,000"
Stylish budget friendly villa,Nihara homes  Price 45 lakhs  തിരുമലയിൽ നിന്നും 4.5 km മാറി തച്ചോട്ടുകാവിൽ നിന്നും അഭയ ഗ്രാമത്തിന് സമീപം 3.25 cent ൽ 1400 sqft 3bhk attached 1 car parking സൗകര്യം ഉള്ള പുതുതായി പണി കഴിപ്പിച്ച villa വില്പനക്ക്. വളരെ മനോഹരമായ elivation ൽ വളരെ branded fittings ഉപയോഗിച്ചാണ് പണി കഴിപ്പിച്ചിരിക്കുന്നത്. പൂർണമായും വാസ്തു വിധി പ്രകാരം ആണ് വീടിന്റെ നിർമാണം.90 % loan available for eligible buyers,"India, Kerala, Thiruvananthapuram, Thirumala",3 Bds - 3 Ba - 1400 ft2,2021-06-01T03:38:57+0000,"₹ 44,00,000"
24 hour bus root main road only 50 meeter,Nihara homes   Amound  60 lakhs(slightly negotiable)  Location  thirumala thachottukavu karipoor (near main road 50 meeter only)  Facing    North  Cent   3.5  Sqft     1750  Bedroom   3  Washroom   3  2 car parking facility  Very highly residential area  Bor Well and corporation water facility  Fully vasthu based plan   80% loan available for eligible   Amound  60 lakhs( with Roofing ;car porch and window curten),"India, Kerala, Thiruvananthapuram, Thirumala",3 Bds - 3 Ba - 1750 ft2,2021-06-01T03:16:34+0000,"₹ 55,00,000"
2BHK New Flat For Sale At Gated society In sector-127 Kharar Mohali,2BHK FULLY FURNISHED FLAT READY TO MOVE  on the road project in SEC- 127 just in 19.50 Lacs  2.67Lacs Cash subsidy benefit in just paying 21000/-FOR FLAT BOOKING  FEATURES *R.O *Chimney *Geyser *Fall ceiling with LED lighting  *LED panel with lighting *Green Park *45 feet link Road *AC fitting  *WALLPAPER   90% Loan facility 10% Down payment  *Direct connectivity to main chandigarh highway road & Airport road,"India, Punjab, Mohali, Sector 127",2 Bds - 2 Ba - 978 ft2,2021-06-04T03:24:34+0000,"₹ 19,50,000"
House for sale in vellaikadavu vattiyoorkavu,4 bhk semi furnished house Developed location 4.5 cent 1700 sqft Well furnished,"India, Kerala, Thiruvananthapuram, Vattiyoorkavu",4 Bds - 4 Ba - 1700 ft2,2021-06-04T03:31:43+0000,"₹ 62,00,000"
"LONABLE COLOUM STRUCTURE 25×45,BORKHERA",Size 25×45=1125sqft Ready to move Gated colony with cc road and garden  1.5 km from borkhera flyover and 4km from railway station Backside garden of house Uit approved patta and registry 90%lonable,"India, Rajasthan, Kota, Borkhera",2 Bds - 2 Ba - 1125 ft2,2021-06-04T03:24:34+0000,"₹ 48,00,000"
VattiyoorkavuPuliyarakonam My Villas,4cent1000sq3bhk,"India, Kerala, Thiruvananthapuram, Vattiyoorkavu",3 Bds - 3 Ba - 1100 ft2,2021-06-08T03:12:26+0000,"₹ 34,00,000"
4bhk + Thirumala Thachottukavu My Villas,4cent1700sq4bhk,"India, Kerala, Thiruvananthapuram, Thirumala",4 Bds - 4 Ba - 1700 ft2,2021-06-08T03:12:02+0000,"₹ 44,00,000"
Near Kerala Varma College/elegant new constructing villa/4 cents,"For more details contact 9500 .. 869319  RERA not applicable  ""Lap up the conveniences of life as happiness is homemade""  This independent villa costs lesser than than the cost of a flat  LOCATION ADVANTAGES:   *3 km from Kozhikode highway.   *Nationalized banks and ATM’s nearby   *24 hours KSRTC bus service   *12 hours private bus service  AMENITIES:   #Front yard paver block/ landscaping   #CCTV   #Security cabin    #Street lights    The luxurious villa with all facilities to enjoy your life with security and privacy  9500 .. 869319 -> Feel free to contact  to know more details, visiting and booking your DREAM HOME","India, Kerala, Thrissur, Kuriachira",3 Bds - 3 Ba - 1500 ft2,2021-05-11T12:35:24+0000,"₹ 42,50,000"
"Prestige Neptune Courtyard in marin drive, 4 bedroom flat floor sale","Prestige Neptune Courtyard in marin drive,  4 bedroom and 4 bathroom, 2895 sq ft ,  9/16th floor , Asking the price is 2.20 cr. Brokers please excuse","India, Kerala, Kochi, Marine Drive",4 Bds - 4 Ba - 2895 ft2,2021-05-28T07:07:52+0000,"₹ 2,20,00,000"
2bhk new semifurnished flat available in dwarka mor,2bhk ready to move flat Front side wide balcony  2 washroom  lift with carparking  80% homeloan   2.67lac subcidy,"India, Delhi, Delhi, Dwarka Mor",2 Bds - 2 Ba - 570 ft2,2021-06-02T13:08:54+0000,"₹ 24,00,000"
Looking. For tenament or row House type property,Near Chandkheda,"India, Gujarat, Ahmedabad, ONGC Colony",,2021-06-08T03:11:53+0000,"₹ 40,00,000"
"Lonable Duplex 1750sqft,Borkhera","Ready to move Uit approved patta and registerey Lonable upto 90% Size 25×50=1250,one room and letbath on first floor Furnished with wardrobes and modular kitchen","India, Rajasthan, Kota, Borkhera",3 Bds - 3 Ba - 1750 ft2,2021-06-08T03:01:08+0000,"₹ 55,00,000"
Dream House,Welcome happy Home,"India, Jammu & Kashmir, Srinagar, Brain",4+ Bds - 2 Ba - 3000 ft2,2021-06-08T03:00:54+0000,"₹ 95,00,000"
SIDHI VINAYAK  RESIDANCE  BAMUNARA  NEAR MUCHIPARA,"SIDHI VINAYAK  RESIDANCE  DUPLEX  BUNGLOW  PROJECT  16 FEET ROAD ELECTRIC  CONECTIUON WATER CONECTION                                 SCHOOL   DELHI PUBLIC SCHOOL 3.5 K.M DURGAPUR PUBLIC 3 K.M. AMMA SCHOOL 3K.M	 STJAVIERS  3.7 BAZAR K.M                     MARKET  BAMUNARA MAIN MARKET  5 00 MITERS  MUCHIPARA  MARKET  2K.M. BIDDHENNAGAR MARKET 4K.M.                           BANK  SBI  ATM  200 MITER ALL BANK  1 K.M . 	  MUCHIPARA  1.5 K.M BAMUNARA  ROAD                  HOSPITAL  MISSION HOSPITAL  3K.M. BIDDHEN NAGAR HOSPITAL 4 K.M GOURI DEVI HOSPITAL 5 K.M. BAMUNARA MAIN MARKET  5 00 MITERS  MUCHIPARA  MARKET  2K.M. BIDDHENNAGAR MARKET 4K.M.                          BANK SBI  ATM  200 MITER ALL BANK  1 K.M . 	  MUCHIPARA  1.5 K.M BAMUNARA  ROAD                  HOSPITAL  Bank loan approved from HDFC home loans. State bank of indian, united bank of india. Bank of baroda, indiabulls and idbi bank.","India, West Bengal, Durgapur, Muchipara",2 Bds - 2 Ba - 1000 ft2,2021-06-08T03:00:53+0000,"₹ 27,00,000"
3 bhk floors 2290000 kharar near busstand ready,3 bhk floors at kharar 2290000 ready to live,"India, Punjab, Kharar, Preet Nagar",3 Bds - 3 Ba - 1200 ft2,2021-06-08T03:00:52+0000,"₹ 22,90,000"
2 bhk furnished flat for sale in jagatpura,2 bhk flat for sale in jagatpura Nearby Akshyapatra  Nearby R tech mall  following amenities provided ; Double bed with mattress  Curtains  Chimney  Six seater sofa  Central table  Wallpaper * common features: virtified flooring,"India, Rajasthan, Jaipur, Jagatpura",2 Bds - 2 Ba - 1180 ft2,2021-06-08T03:00:39+0000,"₹ 22,00,002"
Hos for sailing,Hos for sailing,"India, Karnataka, Bengaluru, Choodasandra",2 Bds - 2 Ba - 600 ft2,2021-06-08T03:00:28+0000,"₹ 35,00,000"
DUPLEX  BUNGLOW  PROJECT BAMUNARA AT MUCHIPARA,SIDHI VINAYAK  RESIDANCE  DUPLEX  BUNGLOW  PROJECT  ELECTRIC  CONECTIUON  WATER CONECTION   SCHOOL  PUBLIC SCHOOL 3.5 K.M DURGAPUR PUBLIC 3 K.M. AMMA SCHOOL 3K.M STJAVIERS  3.7 K.M.  BAZAR  BAMUNARA MAIN MARKET  5 00 MITERS  MUCHIPARA  MARKET  2K.M. BIDDHENNAGAR MARKET 4K.M.  BANK SBI  ATM  200 MITER ALL BANK  1 K.M . 	  MUCHIPARA  1.5 K.M BAMUNARA  ROAD MISSION HOSPITAL  3K.M. BIDDHEN NAGAR HOSPITAL 4 K.M GOURI DEVI HOSPITAL 5 K.M. NATION HOSPITAL 1 K.M SANAKA HOSPITAL  5 K.M. MUCHIPARA BUS STAND  2 K.M  RAILWAY STATION  5 K.M DURGAPUR RAILWAY STATION CITY CENTRE BUS STAND  7 K.M. ONLY  DUPLEX BUNGLOW  HOUSE,"India, West Bengal, Durgapur, Muchipara",2 Bds - 2 Ba - 850 ft2,2021-06-08T03:00:21+0000,"₹ 26,00,000"
3 bhk luxury villas avilble for sale,3 bhk villa with prime location Nearby akshyapatra temple  Fully furnished  Double bed with mattresses  6 seater sofa  Wallpaper  Vastu oriented  Spacious,"India, Rajasthan, Jaipur, Jagatpura",3 Bds - 3 Ba - 2000 ft2,2021-06-08T02:59:56+0000,"₹ 55,00,000"
Sunshine gateway,New launching project in gandimaisamma with world class amenities providing afford ble price and 2bhk and 3 bhk.. Providing bank loan also,"India, Telangana, Hyderabad, Gandi Maisamma",2 Bds - 2 Ba - 1115 ft2,2021-06-08T02:59:41+0000,"₹ 40,00,000"
SHOP SELL BAMUNARA   OFFICE/ SHOP SELL,DELHI PUBLIC SCHOOL 3.5 K.M DURGAPUR PUBLIC 3 K.M. AMMA SCHOOL 3K.M STJAVIERS  3.7 K.M.                               BAZAR  BAMUNARA MAIN MARKET  5 00 MITERS  MUCHIPARA  MARKET  2K.M. BIDDHENNAGAR MARKET 4K.M.                         BANK SBI  ATM  200 MITER ALL BANK  1 K.M    1 ST FLOOR ONLY SELL,"India, West Bengal, Durgapur, Muchipara",1 Bds - 1 Ba - 130 ft2,2021-06-08T02:59:41+0000,"₹ 7,00,000"
3 bhk tenamnent,3bhk tenament with furniture,"India, Gujarat, Nadiad, Vallabh nagar",3 Bds - 2 Ba - 576 ft2,2021-06-08T02:59:40+0000,"₹ 38,00,000"
3 bhk furnished flat for sale nearby Akshyapatra temple,3 bhk fully  fully furnished  flat for sale available nearby Akshyapatra temple  jagatpura it includes:  Double bed with mattress  6 seater sofa with central table  Wallpaper  Curtains  RO Drawing panel  Tv panel  2 wardrobe 2 bolcony   Lift  Parking covered  Water available 24 hours  * Available at prime location in jagatpura*,"India, Rajasthan, Jaipur, Jagatpura",3 Bds - 3 Ba - 1556 ft2,2021-06-08T02:59:35+0000,"₹ 30,99,990"
Aakash India,"The ceaseless endeavor to ensure top of the line construction and commitment to timely delivery has generated immense goodwill and a pool of satisfied clients for the company. The unflinching customer centric commitment is reflected in the Aakash Greens project, which have 72 top-notch apartments that boast of aesthetic design blended with meticulous planning. To achieve such quality the company has engaged a dedicated group of qualified and experienced architects and engineers.  Address - Rd Number 15, Jahawarnagar, Mango, Jamshedpur, Jharkhand 831012  Features: COMMUNITY HALL GYMNASIUM BIG LAWN CHILDREN PLAY AREA JOGGING TRACK HIGH SPEED 8 PASSENGER LIFT 24HRS POWER BACKUP ROUND THE CLOCK SECURITY FIRE FIGHTING SYSTEM WATER HARVESTING PITS VISITORS PARKING PIPED LPG GAS CONNECTION","India, Jharkhand, Jamshedpur, Mango",,2021-05-19T09:19:13+0000,"₹ 33,00,000"
DDA flats Jasola Vihar Sector-7,"3 side open ground floor available, located at the entrance from the security. All bedrooms have bathroom attached apart from guest room. Ample parking space.","India, Delhi, Delhi, Jasola",4 Bds - 3 Ba - 1800 ft2,2021-04-08T21:29:22+0000,"₹ 2,50,00,000"
spacious & Well planned 3HK apartment for ready to move-in immediately,"Silver Castle Springs offers you ready to move-in 3BHK apartments at the best price. This RERA approved project at Mukkola near St. Thomas School has spacious & well planned layouts with Premium Fit & Finish. 3BHK apartments are of size 1560 sqft area & 1689 sqft area.  These Apartments are tailored to meet Your Highest Standards & has everything within close proximity like Schools (St. Thomas School is only 450 M away), Colleges (MAR Ivanious college is only 2.3 kms away), Hospitals & Commercial spots etc.  Bus service is available right in front of the apartment which offers easy access to other parts of the city.  3 tier security for your safety. CCTV, Security Guard & biometric access together make it a safe for you & family  Location Highlights  St.Thomas School - 500 M Mannanthala Jn, MC Road - 1 Km Mar Ivanious College - 2.3 Kms Kuravankonam - 4.5 Kms Peroorkada - 3.7 Kms Technopark - 11 Kms Intl Airport - 11 Kms Central Railway Station - 9.5 Kms  Amenities & Facilities  Solar back up for common area. Grey water treatment & Recycling. Waste Management System. Rain Water harvesting. Reticulated Gas system. Bio Metric access control. 24 x 7 Generator power back up. Kids Play Zone Wi Fi enabled lobby Stretcher Lift with ARD Roof Top Party area Fully equipped multi gym Association Hall Drivers / Servants rest room Intercom Visitor's Parking.  All major banks like SBI,CANARA BANK,HDFC,ICICI etc. have approved our project, hence availing a home loan is a hassle free process.","India, Kerala, Thiruvananthapuram, Nalanchira",3 Bds - 3 Ba - 1560 ft2,2021-06-07T05:21:34+0000,"₹ 69,50,000"
SIDHI VINAYAK  RESIDANCE  BAMUNARA  NEAR MUCHIPARA,16 FEET ROAD ELECTRIC  CONECTIUON WATER CONECTION                         SCHOOL  DELHI PUBLIC SCHOOL 3.5 K.M DURGAPUR PUBLIC 3 K.M. AMMA SCHOOL 3K.M STJAVIERS  3.7 K.M.                        BAZAR   BAMUNARA MAIN MARKET  5 00 MITERS  MUCHIPARA  MARKET  2K.M. BIDDHENNAGAR MARKET 4K.M.                       BANK  SBI  ATM  200 MITER ALL BANK  1 K.M . 	  MUCHIPARA  1.5 K.M BAMUNARA  ROAD MISSION HOSPITAL  3K.M. BIDDHEN NAGAR HOSPITAL 4 K.M GOURI DEVI HOSPITAL 5 K.M. NATION HOSPITAL 1 K.M SANAKA HOSPITAL  5 K.M. MUCHIPARA BUS STAND  2 K.M                                     RAILWAY STATION  5 K.M DURGAPUR RAILWAY STATION CITY CENTRE BUS STAND  7 K.M. ONLY  DUPLEX BUNGLOW  HOUSE,"India, West Bengal, Durgapur, Muchipara",2 Bds - 2 Ba - 750 ft2,2021-06-08T02:59:17+0000,"₹ 25,50,000"
Luxurious Budget 2Bhk Flat,"Bhabad-Towers Makhamalabad,","India, Maharashtra, Nashik, Swami Vivekanand Nagar",2 Bds - 1 Ba - 730 ft2,2021-06-08T02:58:23+0000,"₹ 21,25,000"
House for rent,"2BHK WITH DINING HALL, with fan,lights nd geyser fitted for more contact","India, Karnataka, Kolar, Kuvempu Nagar",2 Bds - 3 Ba - 1200 ft2,2021-06-08T02:58:11+0000,"₹ 13,000"
"90-95%loan very spacious 3bhk in 24.90 ,save 2.67 lacs in PMAY","2BHK  FOR SALE WITH OFFERS   IN Prime location Kharar - Ready to Move  - Price Start From 16.90 Lac  - 2Bhk + 2 Washrooms, Modular kitchen ,  Lights  - 1 Balcony  -Two Sides Open  - G+2   Concept  - Car Parking Available  - Park Available  - 24 hours Water Supply","India, Chandigarh, Chandigarh, Sector 41A",3 Bds - 2 Ba - 1380 ft2,2021-06-08T02:58:02+0000,"₹ 24,90,000"
"2BHK for 25L sale@Ambethker Cross, Hanmakonda","2BHK for 25L For sale@Ambethker Cross, Hanmakonda near to LIC office BalaSamudram Market","India, Telangana, Warangal, Balasamudram",2 Bds - 2 Ba - 850 ft2,2021-06-08T02:57:58+0000,"₹ 25,00,000"
70Gaj 2BHK House Sale 50Mtrs From Durga Mandir Banjarawala,70Gaj 2BHK House Sale 50Mtrs From Durga Mandir Banjarawala,"India, Uttaranchal, Dehradun, Banjarawala",2 Bds - 2 Ba - 800 ft2,2021-06-08T03:01:12+0000,"₹ 30,00,000"
Luxirious JDA approved 3 Bhk Duplex at Vidhyadhar Nagar sector-1,"Premium Ultra Luxirious 3 Bhk Duplex on very prime location at VidhyadharNagar, Sector-1, Sikar Road *Jaipur Railway station- 6 km *Sikar road- 1 km *Area- 90 mtr *Complete Vastu friendly *In a good community *Semi furnished with modular kitchen *80%-90% Loanable with govt. subsidy (2.67 lack) *All electrical underground *Best quality electrical fitting & wiring ensure safely & well going *Complete functional bathroom fitted with best quality bath fitments *Parking ensuring safe keep your vehicle *Separate roof right *All common facilities available near by project like School, Market, Hospital available here  For more projects details & visit site please contact *Brokers please don't call...Thanks Selected Homes","India, Rajasthan, Jaipur, Vidhyadhar Nagar",3 Bds - 3 Ba - 2100 ft2,2021-06-08T03:01:12+0000,"₹ 1,00,00,000"
"! LARGE 1 BHK FLAT AT GOODWILL BREEZZA, DHANORI AT 36 LACS ONLY.700 SQ","! LARGE 1 BHK FLAT AT GOODWILL BREEZZA, DHANORI AT 35 LACS ONLY.700 SQFT.  MOST PRIME LOCATION OF DHANORI  MOST REPUTED BUILDER  WITH ALL AMMENITIES  1 BHK AT 36 LACS  CALL IMMEDIATELY !","India, Maharashtra, Pune, Tingre Nagar",1 Bds - 1 Ba - 700 ft2,2021-06-08T03:01:11+0000,"₹ 36,00,000"
"@ELEGENT 2BHK FLAT AT GODREJ RIVERGREEN, KHARADI AT 45 LAC ONLY.900 SQ","@ ELEGENT 2 BHK FLAT AT GODREJ RIVERGREENS, KHARADI AT 45 LACS ONLY.900 SQFT  HUGE TOWNSHIP IN KHARADI  BIGGEST CARPET AREA IN THIS RANGE   MOST REPUTED BUILDER OF PUNE   2BHK – 45 LACS  WIT ALL AMMENITIES  CALL IMMEDIATELY","India, Maharashtra, Pune, Kharadi",2 Bds - 2 Ba - 900 ft2,2021-06-08T03:01:11+0000,"₹ 45,00,000"
"@LUXURIOUS 2BHK FLAT AT SHANTI SAMARTH, KHARADI AT 46 LACS ONLY.900 SQ","@LUXURIOUS 2BHK FLAT AT SHANTI SAMARTH, KHARADI AT 46 LACS ONLY.900 SQ  PRIDE LOCATION IN KHARADI  NEAR BOLLYWOOD THEATER  REPUTED BUILDER  2 BHK AT 46 LACS  CALL IMMEDIATELY !","India, Maharashtra, Pune, Kharadi",2 Bds - 2 Ba - 900 ft2,2021-06-08T03:01:11+0000,"₹ 46,00,000"
"# VALUE 2 BHK FLAT AT GOODWILL BREEZZA , DHANORI AT 45 LAC ONLY 900 SQ","# VALUE 2 BHK FLAT AT GOODWILL BREEZZA , DHANORI AT 45 LACS ONLY. 900 SQFT.  PRIME LOCATION OF DHANORI  MOST REPUTED BUILDER OF PUNE  WITH EXTRA AMMENITIES  HIGH RISING TOWERS  CALL IMMEDIATELY","India, Maharashtra, Pune, Dhanori",2 Bds - 2 Ba - 900 ft2,2021-06-08T03:01:11+0000,"₹ 45,00,000"
2 AND 3 BHK FULLY FURNISHED LUXURIOUS APARTMENTS IN THRISSUR,The Project is ideally located between Thrissur and Cochin International Airport on Mannuthy – Nadathara Road with easy accessibility of Just 750 meters to NH 47.  Common Amenities  Roof Garden  Indoor Game Area  Party Hall  Children's Play Area  Pro Differently Abled Architecture  Biobin & STP  BANK LOAN AVAILABLE,"India, Kerala, Thrissur, Manuti",2 Bds - 2 Ba - 790 ft2,2021-06-08T03:01:11+0000,"₹ 25,99,999"
"2 AND 3 BHK LUXURIOUS FLATS IN MANUTI,THRISSUR",Elegant Apartment project offering 2 and 3 BHK in a peaceful surrounding befitting an ideal family life. The Project is ideally located between Thrissur and Cochin International Airport on Mannuthy – Nadathara Road with easy accessibility of Just 750 meters to NH 47.  Common Amenities   Roof Garden  Indoor Game Area  Party Hall Children's Play Area  Pro Differently Abled Architecture  Biobin & STP,"India, Kerala, Thrissur, Manuti",3 Bds - 3 Ba - 1235 ft2,2021-06-08T03:01:11+0000,"₹ 40,99,999"
2bhk flat at near aTaljai,2bhk flat new modern amenities close to city area 2.5km from Tilak road location Dhankawdi,"India, Maharashtra, Pune, Sahakar Nagar",2 Bds - 2 Ba - 1020 ft2,2021-06-08T03:01:10+0000,"₹ 82,00,000"
3bhk hill view villas vattiyoorkavu puliyarakonam,4 cent 1000 sqft 3bhk villas vattiyoorkavu puliyarakonam  Nihara homes  Price 35 lakhs   വട്ടിയൂർകാവ് നിന്നും 5 km മാറി പുളിയറകോണം  കാവിൻപുറം. തിരുമല route ൽ നിന്നും 3.5 km പേയാട് കൊല്ലംകോണം കാവിൻപുറം.main road ൽ നിന്നും 500. Meeter മാറി 4 cent ൽ 1000 sqft 3bedroom bathattached 1 car parking സൗകര്യം ഉള്ള വടക്ക് ദർശനം ഉള്ള villa house വില്പനക്ക്.5 meeter tar road frontage സൗകര്യം ഉള്ളതും വളരെ calm and quite area. School.collage. hospitals super markets എല്ലാം 1 km ചുള്ളളവിൽ. 90% loan available for eligible buyers,"India, Kerala, Thiruvananthapuram, Vattiyoorkavu",3 Bds - 3 Ba - 1000 ft2,2021-06-08T03:01:10+0000,"₹ 34,00,000"
2bhk small family budget near thirumala perukavu,Nihara homes  Price                    30 lakhs  Contact              Nihara builders   Location            Thirumala perukavu  Land                     3. 1 cent  Sqft                        850  Bhk                         2bedrooms specious with wardrops  Washroom         2  Parking                1  Facing                   west   Main road           300 meeter  Area                          residential community  Road                         5 meeter wide tar road frontage  Loan                         90 % housing loan                                      ( 6.8 interest rate)  More details contact nihara homes Thankyou,"India, Kerala, Thiruvananthapuram, Thirumala",2 Bds - 2 Ba - 850 ft2,2021-06-08T03:01:10+0000,"₹ 30,00,000"
Near main road vattiyoorkavu road,തിരുമലയിൽ നിന്നും 4 km മാറി പേയാട് നിന്നും vattiyoorkavu പോകുന്ന വഴിക് main road ൽ നിന്നും 50 meeter മാറി 4 cent ൽ 1600 sqft 3bhk വരുന്ന വീട് വില്പനയ്ക് 80 % loan available,"India, Kerala, Thiruvananthapuram, Thirumala",3 Bds - 3 Ba - 1650 ft2,2021-06-08T03:01:10+0000,"₹ 49,00,000"
Main road side villas,Amound  70 lakhs(slightly negotiable)  Location  thirumala thachottukavu karipoor (near main road 50 meeter only)  Facing    North  Cent    4.1  Sqft     2100  Bedroom   4  Washroom   4  2 car parking facility  Very highly residential area  Bor Well and corporation water facility  Fully vasthu based plan   80% loan available for eligible   Amound  70 lakhs( with Roofing ;car porch and window curten),"India, Kerala, Thiruvananthapuram, Thirumala",4 Bds - 4 Ba - 2100 ft2,2021-06-08T03:01:10+0000,"₹ 69,00,000"
2 AND 3 BHK LUXURIOUS FLATS IN THRISSUR,"Elegant Apartment project offering 2 and 3 BHK in a peaceful surrounding befitting an ideal family life. The Project is ideally located between Thrissur and Cochin International Airport on Mannuthy – Nadathara Road with easy accessibility of Just 750 meters to NH 47.  Why should invest in Mannuthy, Thrissur?  Real estate is one of the sunshine sectors of Thrissur's economy. Image of a clean and green city, good law and order situation, presence of reputed educational institutions and tremendous scope for promoting tourism industry are the pillars of Thrissur's real estate hopes. Therefore city becoming more and more congested day-by-day, in due course of time the Mannuthy is expected to see a spurt in the number of property buyers.  The Mobility hub nerve center of Development on Cochin – Palakkad highway, Which is the most developed suburban area of Thrissur. Mannuthy is also a center for many of the government and private educational institutions.  Common Amenities   Roof Garden  Indoor Game Area  Party Hall  Children's Play Area  Pro Differently Abled Architecture  Biobin & STP  BANK LOAN AVAILABLE","India, Kerala, Thrissur, Manuti",2 Bds - 2 Ba - 790 ft2,2021-06-08T03:01:10+0000,"₹ 25,99,999"
3BHK STAND ALONE,"EXCLUSIVE FLATS AVAILABLE IN BEHALA MENTON. JEMES LONG SARANI SIZE 1050 SQ FEET 3BHK SUPER BUILT UP AREA . ITS A NEW AND WELL MAINTAINED PROPERTY & WELL CONNECTED MARKETS, HOSPITAL, SCHOOL ,COLLEGE, UP COMMING METRO ARE NEARBY","India, West Bengal, Kolkata, Behala Manton",3 Bds - 2 Ba - 1050 ft2,2021-05-31T05:55:13+0000,"₹ 37,80,000"
CLOSE TO KERALA VARAM COLLEGE THRISSUR TOWN 3BHK INDEPENDENT  VILLA,RERA NOT APPLICABLE  YOUR CHOICE OF VILLA  STYLE THRISSUR TOWN   MAJOR BANK APPROVED PROJECT    MEGA OFFER !! HURRY UP!!  FOR MORE IMAGES AND DETAILS 9600CALL905817,"India, Kerala, Thrissur, Ayyanthole",3 Bds - 3 Ba - 2000 ft2,2021-05-12T06:50:32+0000,"₹ 70,00,000"
Home selling,20*40 ka h.. or nottry ka restry ho jayegi  Bhavani Nagar sawer road,"India, Madhya Pradesh, Indore, Ujjain Road",2 Bds - 2 Ba - 800 ft2,2021-06-08T02:50:30+0000,"₹ 18,00,000"
2 bhk for sale with Finance loan facility in Wadgaon sheri,"2 bhk for sale in wadgaon sheri Mauli apartment Offering a fantastic view and surroundings, this flat is very spacious and gets ample light and cross ventilation. The flat has No/Rare Powercut & 24 Hours Available. It has Granite, Vitrified flooring and has all the amenities like, Parking, Security and ext for more details please call","India, Maharashtra, Pune, Wadgaon Sheri",2 Bds - 2 Ba - 1000 ft2,2021-06-08T02:50:15+0000,"₹ 45,00,000"
Calm&cool place,Build a new house,"India, Kerala, Peermade, Kuttikanam",4 Bds - 2 Ba - 1100 ft2,2021-06-08T02:50:14+0000,"₹ 30,00,000"
2 bhk im gayed complex with parking lift swim pool  security camera,2 bhk unused appartment in gated complex in Cross Road Elite with amenities,"India, Goa, Margao, Fatorda",2 Bds - 2 Ba - 99 ft2,2021-06-08T02:50:02+0000,"₹ 60,00,000"
New 1bhk for sale with Finance loan facility walking distance from eon,"Brand New 1bhk for sale with Finance loan facility walking distance from eon it park kharadi Offering a fantastic view and surroundings, this flat is very spacious and gets ample light and cross ventilation. The flat has No/Rare Powercut & 24 Hours Available. It has Granite, Vitrified flooring and has all the amenities like, Parking, Security and ext for more details please call","India, Maharashtra, Pune, Kharadi",1 Bds - 1 Ba - 577 ft2,2021-06-08T02:49:37+0000,"₹ 23,75,000"
Well maintained house,7 cent plot and house,"India, Kerala, Kottayam, Ponkunnam",2 Bds - 1 Ba - 1000 ft2,2021-06-08T02:49:29+0000,"₹ 8,50,000"
Portuguese house plot area 1350 meter 300 meter built up near Lake,1350 sq meter plot area built up 300 marble on floor renovated ceiling tiles with compound lake near by n field view,"India, Goa, Chinchinim, Bahida",4+ Bds - 2 Ba - 1350 ft2,2021-06-08T02:48:59+0000,"₹ 1,40,00,000"
In parvati gaon,1rk flat for sale,"India, Maharashtra, Pune, Parvati",,2021-06-08T02:48:44+0000,"₹ 25,00,000"
Everjoy Kaumudhi,"This lovely 2 bhk apartment is for sale at only 46 lakhs. Situated on the second floor this home can comfortably serve your parking facilities for car and bike needs. This east facing home is about 900 square feets with 2 balconies and is in a convenient location. It is just 200 metres from the bus stop and near ICICI Bank Uttarahalli. With amenities such as security and an elevator, this home offers you a lot of convenience.","India, Karnataka, Bengaluru, Uttarahalli Main Road",2 Bds - 2 Ba - 900 ft2,2021-05-26T11:27:40+0000,"₹ 46,00,000"
1 BHK flat for sale,1 BHK flat for sale in Taloja Prime location Metro walking distance hospital School market walking distance station Kharghar 10 minutes Central Park 10 minutes,"India, Maharashtra, Navi Mumbai, Taloja",1 Bds - 2 Ba - 650 ft2,2021-05-18T20:37:34+0000,"₹ 30,00,000"
1bhk flat for sale,1bhk flat for sale in new building rera Ragister property G+27 story building cidco tender plot dighe -airoli.,"India, Maharashtra, Navi Mumbai, Dighe",1 Bds - 2 Ba - 675 ft2,2021-05-15T10:13:54+0000,"₹ 84,00,000"
Brand new 1bhk flat for sale with finance home loan facility,"वडगाव शेरी परिसरातील सर्वात स्वस्त ब्रँड न्यू  1 BHK, 579 sqft कॉमन पार्किंग.  24.25 लाखांत (पंतप्रधान आवास योजना अनंतर्गत) हक्काचे घर. रू 80 ते 85% लोनउपलब्ध (प्रायव्हेट फायनान्स) *लोकेशन -  *मदर टेरेसा स्कूल पासून 2 मिनिटाच्या अंतरावर, वडगाव शेरी पुणे","India, Maharashtra, Pune, Wadgaon Sheri",1 Bds - 1 Ba - 579 ft2,2021-06-08T02:48:35+0000,"₹ 24,25,000"
Newly constructed 3 floor house,Good parking  Silent area  In separate layout  Good environment  3 floor  Ground one single bed room home  1 st floor 2 bed room home  3 rd floor attached bathroom room,"India, Karnataka, Kunigal, Chowdeshwari",2 Bds - 2 Ba - 3040 ft2,2021-06-08T02:47:51+0000,"₹ 85,00,000"
Proper in singrauli not in waidhan,My personal self assist home,"India, Madhya Pradesh, Singrauli, Lig Colony",4+ Bds - 4+ Ba - 3500 ft2,2021-06-08T02:47:36+0000,"₹ 75,00,000"
Flat for sail,Flat for sail,"India, Delhi, Delhi, Chattarpur",3 Bds - 3 Ba - 1500 ft2,2021-06-08T02:47:24+0000,"₹ 68,00,000"
100 yds brand new 4 BHK New Raghubir park jassian rd nr sangam palace,100 yards brand new 4 BHK New Raghubir park jassian road nr sangam palace by Debbie,"India, Punjab, Ludhiana, Badi Haibowal",4 Bds - 4 Ba - 900 ft2,2021-06-08T02:47:22+0000,"₹ 43,00,000"
3 BHK 50 yrds double storey jhandu colony  chudpur haibowal,3 BHK 50 full double storey in jhandu colony rajan estate chudpur rd haibowal,"India, Punjab, Ludhiana, Badi Haibowal",3 Bds - 3 Ba - 50 ft2,2021-06-08T02:47:12+0000,"₹ 25,00,000"
New 1bhk with finance loan facility in wadgaon sheri,"Swasti appartments Offering a fantastic view and surroundings, this flat is very spacious and gets ample light and cross ventilation. The flat has No/Rare Powercut & 24 Hours Available. It has Granite, Vitrified flooring and has all the amenities like, Parking, Security and ext for more details please call","India, Maharashtra, Pune, Wadgaon Sheri",1 Bds - 1 Ba - 585 ft2,2021-06-08T02:47:01+0000,"₹ 27,75,000"
140 yards brand new full double 4 BHK  raghubir park nr Dukhniwaran,140 yards brand new full double 4 BHK 80 lakh demand raghubir park nr Dukhniwaran,"India, Punjab, Ludhiana, New Tagore Nagar",4 Bds - 4 Ba - 180 ft2,2021-06-08T02:46:58+0000,"₹ 80,00,000"
40k per yard 200 yards plot sale Mayur vihar nr Rishi Nagar hambran rd,200 yards plot for sale in Mayur vihar nr Rishi Nagar hambran rd,"India, Punjab, Ludhiana, Rishi Nagar",1 Bds - 1 Ba - 200 ft2,2021-06-08T02:46:40+0000,"₹ 40,000"
134 yards 4 BHK house for sale in Durgapuri Decent location & approach,134 yards 4 BHK house for sale in Durgapuri Decent location & approach,"India, Punjab, Ludhiana, Durgapuri",4 Bds - 3 Ba - 134 ft2,2021-06-08T02:46:30+0000,"₹ 44,00,000"
"1Bhk Furnish Flat On Resell in Janki resi,Jahangirabad canal road.",1st flor & Garden facing flat. east west entry..  well & good conditions Road side flats for resell.,"India, Gujarat, Surat, Jahangir Pura",1 Bds - 1 Ba - 665 ft2,2021-06-08T02:46:15+0000,"₹ 23,99,000"
Full Loan Residential house 92Gaj 2BHK House Sale Sainik Colony,Full Loan Residential house 92Gaj 2BHK House Sale Sainik Colony Mothrowala,"India, Uttaranchal, Dehradun, Banjarawala",2 Bds - 2 Ba - 1000 ft2,2021-06-08T02:46:14+0000,"₹ 36,00,000"
2BHK House Sale DSP Chok Badowala 80Gaj 90%Loan Available,2BHK House Sale DSP Chok Badowala 80Gaj 90%Loan Available,"India, Uttaranchal, Dehradun, Badowala",2 Bds - 2 Ba - 800 ft2,2021-06-08T02:46:14+0000,"₹ 26,00,000"
112Gaj 2Bhk House Sale Shanti Vihar Phase 2 Ajabpur Near Mahindra,112Gaj 2Bhk House Sale Shanti Vihar Phase 2 Ajabpur Near Mahindra Showroom,"India, Uttaranchal, Dehradun, Ajabpur",2 Bds - 2 Ba - 1200 ft2,2021-06-08T02:46:14+0000,"₹ 52,00,000"
"@ LAVISH 3 BHK FLAT AT VTP PEGASUS, KHARADI AT 65 LACS ONLY.1200 SQ","@ LAVISH 3 BHK FLAT AT VTP PEGASUS, KHARADI AT 65 LACS ONLY.1200 SQFT  BIGGEST TOWNSHIP OF KHARADI !!! 103 ACRES   PREMIUM AMENITIES LIKE HORSE RIDING,  CRICKET GROUND ETC.  MIVAN CONSTRUCTION  3BHK  AT 65 LACS  CALL IMMEDIATELY !","India, Maharashtra, Pune, Magarpatta City",3 Bds - 3 Ba - 1200 ft2,2021-06-08T02:46:14+0000,"₹ 65,00,000"
2BHK Flat Near VR Punjab Mall At sector-125 Airport Road Mohali,"ULTRA SPACIAOUS 2BHK Flats starting 30.51lakhs in sector 125 adjoining Aman city Near VR Punjab Mall  # Fully Gated society  *Just Pay 10% and 90% Bank Loan *2.67Lacs subsidy benifit *Ready to Move Flats*  #Modular Kitchen #Cub Board in Bed Room #Free Car Parking #Chimney #RO water Purifier  *Near by Facilities* Govt Hospital (2km), Super Market (walking Distance), Vegetable Market (Walking Distance), Schools (3km), ATM (500MTR), Chandigarh (10Km), NCM (1.5 Km.).  Today Cash DISCOUNT OFFER Price Negotiable","India, Punjab, Mohali, Sector 125",2 Bds - 2 Ba - 1155 ft2,2021-05-28T02:39:23+0000,"₹ 30,51,000"
Indiduality,House indidual at maruthinagar peravali,"India, Andhra Pradesh, Tanuku, NGO Colony",2 Bds - 3 Ba - 1125 ft2,2021-05-28T07:13:42+0000,"₹ 38,00,000"
READY TO HOME 3BHK,"This ready to move builder floor is strategically located in Elysian Homes in Sector 127, Mohali. Spread over an area of 120 sq. yard. This 3 BHK builder floor consisting of 3 bathroom(s) with basic amenities like Security, Reserved Parking, Visitor Parking, Waste Disposal, R O Water System, Laundry Service, Vaastu Compliant, Rain Water Harvesting, Landscape - Flower Garden, School, ATM, Bank, Shopping Center - Retail Shop, 24 Hours Water Supply, Kids Play Area, Sewage Treatment Plan, CCTV. It is an owner posted property which is also close to various schools and markets.","India, Punjab, Mohali, Sector 127",3 Bds - 3 Ba - 1080 ft2,2021-05-15T10:10:17+0000,"₹ 35,90,000"
"@ AMAZING 2 BHK FLAT AT VTP PEGASUS, KHARADI AT 46 LACS ONLY.900 SQFT","@ AMAZING 2 BHK FLAT AT VTP PEGASUS, KHARADI AT 46 LACS ONLY.900 SQFT  BIGGEST TOWNSHIP OF KHARADI IN 103 ACRES  AMMENITIES LIKE HORSE RIDING, OLYMPIC SIZE SWIMMING POOL  MOST REPUTED BUILDER  MIVAN CUNSTRUCTION  2 BHK AT 46 LACS  CALL IMMEDIATELY !","India, Maharashtra, Pune, Kharadi",2 Bds - 2 Ba - 900 ft2,2021-06-08T02:46:14+0000,"₹ 46,00,000"
"@ AWESOME 1 BHK FLAT AT VTP PEGASUS, KHARADI AT 33 LACS ONLY.600 SQ","@ AWESOME 1 BHK FLAT AT VTP PEGASUS, KHARADI AT 33 LACS ONLY.600 SQ  BIGGEST TOWNSHIP OF KHARADI !!! 103 ACRES   PREMIUM AMENITIES LIKE HORSE RIDING,   CRICKET GROUND ETC.  MIVAN CONSTRUCTION  CALL IMMEDIATELY !","India, Maharashtra, Pune, Koregaon park",1 Bds - 1 Ba - 600 ft2,2021-06-08T02:46:14+0000,"₹ 33,00,000"
105 Gaj 2BHK House Sale In Harbhanjwala,105 Gaj 2BHK House Sale In Harbhanjwala,"India, Uttaranchal, Dehradun, Harbhaj Wala",2 Bds - 2 Ba - 1200 ft2,2021-06-08T02:46:14+0000,"₹ 30,00,000"
"@LUXURIOUS 2 BHK FLAT AT MANTRA MONTANA, DHANORI AT 47 LAC ONL.1100 SQ","@ LUXURIOUS 2 BHK FLAT AT MANTRA MONTANA, DHANORI AT 48 LACS ONL.1100 SQFT.  NEW LAUNCH IN DHANORI.  REPUTED BUILDER OF PUNE  PRIME LOCATION IN DHANORI.  2 BHK AT 47 LACS   WITH ALL AMMENITIES  CALL IMMEDIATELY !","India, Maharashtra, Pune, Dhanori",2 Bds - 2 Ba - 1100 ft2,2021-06-08T02:46:14+0000,"₹ 47,00,000"
#MASSIVE 2BHK FLAT AT UNIQUE LEGACY KESHAV NAGAR AT 55 LAC ONLY.1200SQ,# MASSIVE 2 BHK FLAT AT UNIQUE LEGACY AT KESHAV NAGAR AT 55 LACS ONLY.1200 SQFT.   SEMI FURNISHED 2BHKs  WITHIN PMC LIMITS OF KESHAV NAGAR  MOST REPUTED BUILDER  WITH ALL AMMENITIES INCLUDED  2 BHK – 55 LACS  CALL IMMEDIATELY..,"India, Maharashtra, Pune, Keshav Nagar",2 Bds - 2 Ba - 1200 ft2,2021-06-08T02:46:14+0000,"₹ 55,00,000"
Loan 90% 2BHK House Sale In Shakti Vihar Badowala Shimla Bypass,Loan 90% 2BHK House Sale In Shakti Vihar Badowala Shimla Bypass,"India, Uttaranchal, Dehradun, Majra",2 Bds - 2 Ba - 1000 ft2,2021-06-08T02:46:14+0000,"₹ 32,00,000"
2BHK RERA APPROVED FLAT FOR SALE WITH BEST IN CLASS AMINITIES THRISSUR,Looking for flats in koorkencherry. Sanroyal Elanta is the best choice with just 1km radius from Koorkencherry center. 2bhk flat starting from 30.99lakhs onwards. Only few bookings left  Budget friendly affordable flats with all the necessary amenities within 3km from Thrissur which makes it incomparable.  Common Amenities:-  Covered Car parking 2 Passenger lift & 1 Service lift 1 year free maintenance Roof top open party hall 24 hrs security service. Waste Management System Adequate Water supply  Hurry few bookings left,"India, Kerala, Thrissur, Chiyyaram",2 Bds - 2 Ba - 980 ft2,2021-06-08T02:46:13+0000,"₹ 34,99,999"
Luxury Comes in Affordable Packages! 2 BHK Apartments in Thrissur,"The project comprises 2, 3 & 4 BHK luxury apartments. Every Apartment is designed for comfort and utility without compromising on quality. The apartments which come at affordable prices is ideal for semi-urban living with all the amenities and conveniences close at hand.  Ideal for HOLIDAY HOME For NRI as it is Leisure filled Location with easy accessibility to all the major converging places, tour locations and rail/road and airport facilities.  Common Amenities  Roof Top Party Area  Landscaped Garden  Passenger Lift & Service Lift.  24 Hours Security Service  24 Hours power Supply  Guest car parking  BANK LOAN AVAILABLE","India, Kerala, Thrissur, Koorkenchery",2 Bds - 2 Ba - 870 ft2,2021-06-08T02:46:13+0000,"₹ 29,99,999"
LUXURIOUS FLATS IN AFFORDABLE RATES,"LUXURIOUS 2 nd 3 BHK LUXURIOUS FLATS I MANUTI,THRISSUR  BANK LOAN AVILABLE","India, Kerala, Thrissur, Manuti",3 Bds - 3 Ba - 1235 ft2,2021-06-08T02:46:13+0000,"₹ 40,99,999"
4 BHK LUXURIOUS FLATS IN THRISSUR,"The project comprises 2, 3 & 4 BHK luxury apartments. Every Apartment is designed for comfort and utility without compromising on quality. The apartments which come at affordable prices is ideal for semi-urban living with all the amenities and conveniences close at hand.  Ideal for HOLIDAY HOME For NRI as it is Leisure filled Location with easy accessibility to all the major converging places, tour locations and rail/road and airport facilities.  Common Amenities  Roof Top Party Area  Landscaped Garden  Passenger Lift & Service Lift. 24 Hours Security Service  24 Hours power Supply  Guest car parking  BANK LOAN AVAILABLE","India, Kerala, Thrissur, Koorkenchery",4 Bds - 4 Ba - 1790 ft2,2021-06-08T02:46:13+0000,"₹ 62,29,999"
3 BHK villa for sale maharani garden road hotel New haveli ke samne,3 BHK villa for sale maharani garden road mund Nagar hotel New haveli ke samne a a modular kitchen AC fitting royal paint chimney RO geyser luxury bedrooms LCD cabinet separate water tank Tanki ki 24 hours water supply in colony ee Chaitra Gaj 75 JDA approved 15 into 45 size ready to shift most road connectivity e prime location Mansarovar,"India, Rajasthan, Jaipur, Mansarovar",3 Bds - 3 Ba - 1700 ft2,2021-06-07T07:21:59+0000,"₹ 51,51,000"
Spacious 2 bhk flat for sale in sanpada.,Exclusive 2 bhk residences with sundecks. G+3 levels of parking space. 17 habitable floors. 3.2 meters floor-To-Floor height. Cidco tender plot. Sanpada railway station 500 mtrs. Juinagar railway station 1 km. Accessible from moraj circle on palm beach road and sanpada railway subway from main sion-Panvel highway Public garden 100 mtrs. Renowned schools & colleges nearby. Highlights of project: 1st digital complex of navi mumbai. Semi-Olympic size swimming pool.   The project offers apartment with perfect combination of contemporary architecture and features to provide comfortable living.   No- Brokrage direct deal call me for any detail and payment schedule.,"India, Maharashtra, Mumbai, Chembur",2 Bds - 2 Ba - 1175 ft2,2021-06-05T11:38:39+0000,"₹ 1,67,00,000"
Ready to move 2 & 3 BHK apartments in heart of Guntur,"This is an exclusive 2 & 3 BHK apartment complex in A.P.H.B colony, in the heart of Guntur by very well reputed builders HappyHomes.  The apartment complex has total 5 floors with 14 apartments in each floor.  There is one 3BHK apartment per floor and is 1560 sqft and west facing.  There are 3 different sizes of 2 BHK apartments in each floor - 1006 sqft, 1058sqft and 1022.5 sqft.  The current price is Rs.3500/per sqft but there is exciting offer currently, so hurry up and call us for more details.  This project consists of 70 flats which offers 2BHK as well as 3BHK in Guntur.   HappyHomes presents you the perfect combination of luxurious flats and basic amenities for having a complete living experience. This project has a proximity of 500m to Sattenapalle Road connecting to National Highway,Hyderabad.","India, Andhra Pradesh, Guntur, APHB Colony",3 Bds - 3 Ba - 1560 ft2,2021-06-07T06:37:52+0000,"₹ 54,60,000"
1bhk 17 lakh loan from any bank,1bhk flat at charholi loan from any bank 17 lakh package Deal rera sanction with all amenities 300 plus flat unit excellent location few flats available,"India, Maharashtra, Pune, Vishrant Wadi",1 Bds - 1 Ba - 300 ft2,2021-06-08T02:46:12+0000,"₹ 17,00,000"
2bhk 21 lakh package at charholi,2bhk flat Package deal loan from any bank at charholi,"India, Maharashtra, Pune, Vishrant Wadi",2 Bds - 2 Ba - 350 ft2,2021-06-08T02:46:12+0000,"₹ 21,00,000"
UNDER CONSTRUCTION 1 BHK FLAT FOR JUST 13.99 LAKHS,"The project provides an ideal spiritual retreat for those who desire to wake up to the chants of “Narayaneeyam”. Located near the Guruvayoor temple. “ Sanroyal Hastha” offers its residents a calm and serene ambience live and an opportunity to visit the temple as often as they wish. What’s more you are never too far away from the comforts and amenities of modern living. Ideal for RETIREMENT HOME as Guruvayoor temple, Mammiyoor Temple, Anakotta, Anakotta, Chavakkad Beach, Chettuva backwater Boating is at close vicinity.  Common Amenities  Roof Top Party Area  Land Scaped Garden  Guest Car Parking  24 Hour Security Service  High Speed Automatic Lift  24 Hours Power Suppl  BANK LOAN AVAILABLE  Hurry few bookings left","India, Kerala, Guruvayur, Mammiyoor",1 Bds - 1 Ba - 430 ft2,2021-06-08T02:46:12+0000,"₹ 13,99,999"
"1 BHK Flat in the Holy Township of  Guruvayoor, Thrissur",Lift -1 Generator Back-up Adequate Water Supply,"India, Kerala, Guruvayur, Mammiyoor",,2021-06-08T02:46:12+0000,"₹ 13,99,999"
UNDER CONSTRUCTION RERA APPROVED 4 BHK DUPLEX FLAT FOR SALE,Looking for flats in koorkencherry. Sanroyal Elanta is the best choice with just 1km radius from Koorkencherry center. 2bhk flat starting from 24.99lakhs onwards. Only few bookings left.  Budget friendly affordable flats with all the necessary amenities within 3km from Thrissur which makes it incomparable.  Common Amenities:-  Covered Car parking  2 Passenger lift & 1 Service lift  1 year free maintenance  Roof top open party hall  24 hrs security service.  Waste Management System  Adequate Water supply  Fire Safety  Children play Area  Hurry few bookings left  Limited period offer rate.,"India, Kerala, Thrissur, Koorkenchery",4 Bds - 4 Ba - 2035 ft2,2021-06-08T02:46:12+0000,"₹ 70,99,999"
3 bhk flat for sale in jagatpura,3 bhk flat for sale in jagatpura nearby Akshyapatra temple  Nearby r tech mall Nearby vivacity mall Nearby Bombay hospital,"India, Rajasthan, Jaipur, Jagatpura",3 Bds - 3 Ba - 1480 ft2,2021-06-08T02:46:12+0000,"₹ 25,00,000"
2 Bhk fully furnished flat for sale,2bhk fully furnished flat for sale available nearby akshyapatra temple  Nearby viva city mall  Nearby R tech mall  The flat includes the following:  2 double bed with mattress  Sofa with central table  Wallpaper  Modular kitchen with chimney  Fall sealing  Luxury interior  Big wardrobe's Lift and parking facilities  Vastu oriented,"India, Rajasthan, Jaipur, Jagatpura",2 Bds - 2 Ba - 950 ft2,2021-06-08T02:46:12+0000,"₹ 23,00,000"
3 bhk semi furnished flat for sale,3 bhk semi furnished flat available for sale nearby akshypatra temple nearby Rtech mall nearby VIva city mall the flat includes the following: modular kitchen wallpaper  luxury interior fall sealing vastu oriented fan tubelight big wardrobe's,"India, Rajasthan, Jaipur, Jagatpura",3 Bds - 3 Ba - 1250 ft2,2021-06-08T02:46:12+0000,"₹ 29,00,000"
തൊടുപുഴക്ക് അടുത്ത് പുതിയ വീട്,"തൊടുപുഴക്ക് അടുത്ത് 6.5 സെൻ്റിൽ  പുതിയ  വീട് വിൽപ്പനയ്ക്ക്, ഉദ്ദേശിക്കുന്ന വില 33 ലക്ഷം, കിണർ വെള്ളം,കൂടുതൽ വിവരങ്ങൾക്ക് ബന്ധപ്പെടുക","India, Kerala, Thodupuzha, Karikkode Part",3 Bds - 2 Ba - 1300 ft2,2021-06-08T02:46:11+0000,"₹ 33,00,000"
2BHK Fully Furnished Flat Near Airport Road Mohali,"If you are Searching On Road Property in Mohali, Than contact Me   1/2/3BHK Property Available on Highway Starting From 16.90 lacs   *Only Few Ready To Move Units Left* Contact Now  # Spacious Flat  # Luxury Fittings  #Daily Need Market Available in Society  # Gated society # 100mtr. From Airport Road #  Well Developed area # Best Quality Construction   Best Cash Discount and Gifts On Sunday Booking   #Subsidy upto Rs.2.67 Lac  *Loan Facility Available *Store *Covered Parking *Branded Sanitary *Wall Hanging Sheets *Premium Wooden Work *Branded Wiring and Lights *Complete Fall Ceiling *Connected to highway *24 hours water supply *ATM and  *Banks *Leading Hospitals *Transportation *Shopping Complex Food Courts  CALL NOW","India, Punjab, Mohali, Sector 125",2 Bds - 2 Ba - 845 ft2,2021-06-08T02:46:11+0000,"₹ 19,90,000"
Shankarpur new township flat project,Project highlights... Solar energy for common area lighting.  24 hrs power backup. Lift Cable point Ample carparking Club  Community hall  Roof top garden Temple Rain water harvesting Children play area,"India, West Bengal, Durgapur, Arra",2 Bds - 2 Ba - 815 ft2,2021-06-08T02:46:11+0000,"₹ 15,07,750"
2BHK Spacious Flat In 21.40 Lacs At Sector126 On Near By Airport Road,"#WE HAVE SPACIOUS LUXURY FURNISHED FLAT FOR YOU IN SMALL BUDGET AND EASY FINANCE   1BHK STARTING FROM :- 14.90  2BHK STARTING FROM :- 20.90   3BHK STARTING FROM :- 26.90   PAYMENT PLAN :-  BOOKING AMOUNT ONLY :-  21000/- DOWN PAYMENT ONLY :- 10%  LOAN AVAILABLE :- 90 %   SUNDAY OFFERS-: DOUBLE BED, GEYSER, RO, CHIMNEY, 3D WALLPAPERS, FANS, MICROWAVE, FALL CEILING, CUPBOARDS, AND CASH DISCOUNT .  KEY FEATURE :-  * Adjoining Daily Need Market * Main road connectivity * 24*7 Water supply * 24*7 security * 24*7 Electricity * Free Car Parking * No Compromise with Construction Quality  Contant  For More Information","India, Punjab, Mohali, Sector 126",2 Bds - 2 Ba - 999 ft2,2021-06-08T02:46:11+0000,"₹ 21,40,000"
3BHK Furnished Read To Move Flat 28.56 Lacs Airport Road,#STARTING RANGE*  *1BHK:-11.90* *2BHK:-19.90* *3BHK:-28.90* *Kothi and Plots are also available*   Save Upto 2.67Lacs Under Pardhan Mantri Awaas Yojana   Bank Loan Available From All Leading Banks  Features- *First class Construction Quality *Fully Modern Kitchen *Chimney *CUPBOARDS *LED PANELS *FALSE CEILING *BRANDED BATH FITTING AND MANY MORE FACILITIES AND GIFTS   Contact FOR MORE INFORMATIO,"India, Punjab, Mohali, Sector 125",3 Bds - 3 Ba - 1258 ft2,2021-06-08T02:46:11+0000,"₹ 28,56,000"
"90-95%loan very spacious 3bhk in 24.90 ,save 2.67 lacs in PMAY","2BHK  FOR SALE WITH OFFERS   IN Prime location Kharar - Ready to Move  - Price Start From 16.90 Lac  - 2Bhk + 2 Washrooms, Modular kitchen ,  Lights  - 1 Balcony  -Two Sides Open  - G+2   Concept  - Car Parking Available  - Park Available  - 24 hours Water Supply","India, Chandigarh, Chandigarh, Sector 41A",3 Bds - 2 Ba - 1380 ft2,2021-06-08T02:58:02+0000,"₹ 24,90,000"
"2BHK for 25L sale@Ambethker Cross, Hanmakonda","2BHK for 25L For sale@Ambethker Cross, Hanmakonda near to LIC office BalaSamudram Market","India, Telangana, Warangal, Balasamudram",2 Bds - 2 Ba - 850 ft2,2021-06-08T02:57:58+0000,"₹ 25,00,000"
Ultra Luxurious 3 Bhk JDA approved flats near Vidhyadhr Ngr Sikar Road,"Premium Luxurious 3 Bhk flats on very prime location Near by DPS School,  VidhyadharNagar, SikarRoad, Jaipur *Area- 1350 sq feet *According to complete vastu *Fully furnished with modular kitchen (Sofa, Bed, with beautiful interior design) *80%-90% Lonable with Govt. subsidy (2.67 lack) *In a good community *Jaquar cenetery fittings  *All electrical underground *Best quality electrical fitting & wiring ensure safely & well going *Complete functional bathroom with best quality bath fitments (wall mount) *Parking ensuring safe keep your vehicle *Common roof rights *Common facilities are available here like School, Hospital, Malls, main market & convince facility For more projects details & visit site please contact Selected Homes Brokers are please excuse..Thanks Some Brokers copy my add so avoid please...Thanks","India, Rajasthan, Jaipur, Vidhyadhar Nagar",3 Bds - 2 Ba - 1350 ft2,2021-06-08T02:57:50+0000,"₹ 45,00,000"
Hause Bhut bdiya moka h lene ka pese ki jarurt h,110 gaj ka mkan h gav bharangpur me  House h achi location me h,"India, Uttar Pradesh, Babugarh, Chakrasenpur Babugarh",4 Bds - 2 Ba - 1200 ft2,2021-06-08T02:57:15+0000,"₹ 9,00,000"
Penthouse in parvorim in gated complex with amenities,Penthouse in gated complex with amenities,"India, Goa, Panaji, 4 Pillars Circle",3 Bds - 3 Ba - 216 ft2,2021-06-08T02:55:43+0000,"₹ 99,00,000"
Sale 2 bhk flat / Exchnage any porperty Extra amount  i will have,"Ready to move flat. 100% Loan  Premium flat of  2 bhk flat prime location  Shri Krishna paradise Rau Circles   colony Indore (m.p) Flat size   2 bhk – super buil. 704   seq. Fit- amount 12.9  lac  Its on prime location of the city. Fully designed by modern interior with theme, 24x7 security gaurds, water supply, garden, cctv, all facilities available on walking distance like - auto stand, hospitals, school, college, vegetables market etc. Free:  (1)	Mpeb con. Free (2)	Car parking free  Featurs 1 covered campus 2 rcc wide roads 4 temple 5 covered car parking 6 bank finance avaialble 85-100% 7 redy to ,move  8 quality construction 9 cctv cameras 10 intercom facilities Please cont. 9=9=9=3=5 Six-6 thre-3 six","India, Madhya Pradesh, Indore, Rau Circle",2 Bds - 2 Ba - 704 ft2,2021-06-08T02:55:03+0000,"₹ 12,85,000"
Free Hold building for sell in J.N.Vyas Colony,Free Hold Ganga shahi patta three story Building Available for Sell. Cost only 4.70 Cr. Plot size 3000 sq.feet. Construction approx 10000 sq feet. Beam column structure.,"India, Rajasthan, Bikaner, JNV Colony",4+ Bds - 4+ Ba - 10000 ft2,2021-06-08T02:54:58+0000,"₹ 4,70,00,000"
"Wanted house below 40,00,000 or plot not less than 10 Ankanas","Wanted individual house below 40,00,000 or plot/land not less than 10 Ankanas and cost not more than 25,00,000. Within the limits of Nellore.","India, Andhra Pradesh, Nellore, AK Nagar",2 Bds - 2 Ba - 840 ft2,2021-06-08T02:54:56+0000,"₹ 40,00,000"
Good quality construction material used in 3bhk in 150gaj 23.90,"2BHK  FOR SALE WITH OFFERS   IN Prime location Kharar - Ready to Move  - Price Start From 16.90 Lac  - 2Bhk + 2 Washrooms, Modular kitchen ,  Lights  - 1 Balcony  -Two Sides Open  - G+2   Concept  - Car Parking Available  - Park Available  - 24 hours Water Supply","India, Chandigarh, Chandigarh, Sector 40B",3 Bds - 2 Ba - 1301 ft2,2021-06-08T02:54:28+0000,"₹ 23,90,000"
Full finished house in bajwalpur near Sai public school,"2 bed room 1 drawing room , modeler kitchen , bathroom , lobby , parking ... Both side 15 ft road  full finished","India, Uttaranchal, Haldwani, Jwalasal Urf Karayal",3 Bds - 1 Ba - 950 ft2,2021-06-08T02:53:54+0000,"₹ 36,00,000"
2bhk ready possession @pokhran,"Maithili Pride is a residential project developed by Maithili Group at Thane West in Thane. The project aims to offer a comfortable living condition to the residents by encompassing , adding to its existing many facilities.","India, Maharashtra, Thane, Pokharan",2 Bds - 2 Ba - 1000 ft2,2021-05-29T19:44:21+0000,"₹ 99,00,000"
Ground floor for sell,"This property is located at A.P Nagar North, Sonarpur.Ground floor is consist with 2 bed rooms (11""13""), Dinning place ( 12""14"") , 2 bathroom, 2 kitchen, balcony, municipality water supply etc. Property located 10 minutes walking distance from Sonarpur railway station, bus and auto stand.","India, West Bengal, Kolkata, Sonarpur",3 Bds - 2 Ba - 1150 ft2,2021-05-20T10:14:53+0000,"₹ 27,00,000"
Flat for Sale at Model Town Extention Ludiana,"Ground Floor, 2 bed rooms with closets, 2 bathrooms, 1 Store, Kitchen, Drawing Dining, Car parking, back garden for sale at Model Town Extention, Dugri Road, Ludhiana. Near Hotel Grand Marian.","India, Punjab, Ludhiana, Model Town Extension",2 Bds - 2 Ba - 2200 ft2,2021-05-26T14:07:13+0000,"₹ 69,00,000"
Old house and land 100#40,Near balehonnur 1km city shivanagar ittige,"India, Karnataka, Sringeri, Harandur",1 Bds - 1 Ba - 1 ft2,2021-06-08T02:53:23+0000,"₹ 38,00,000"
URGENTLY SELLING HOUSE @ MUPPATHADOM 3.5 CENT,"02 ROOMS 02 ATTACHED BATHROOM  CAR PARKING, HALL, STAIR ROOM,WORK AREA, KITCHEN   11 Km - lulu mall 6.5 km - aluva bypass / metro station 6 km - kalamasseri town   Price negiotable, brokers excuse","India, Kerala, Kochi, Muppathadam Road",2 Bds - 2 Ba - 700 ft2,2021-06-08T02:52:24+0000,"₹ 29,00,000"
2 bhk on 5th floor unused with lift road  bldg on arlem circl fatorda,2 bhk on 5th floorroad touch bldg on arlem circle fatorda unused,"India, Goa, Margao, Fatorda",2 Bds - 2 Ba - 95 ft2,2021-06-08T02:51:06+0000,"₹ 39,00,000"
Brand new 1 bhk sale in anand parak wadgaon sheri,"1BHK flat for sale. Location: Rajendra nagar colony, Anand park wadgaon sheri pune   200 metres from anand parak bus stop  Area: 571 Sq.Ft. •2nd Floor. •common parking. •24×7 Water, Electricity. •Security guard. •80%  finance loan facility.   Price: 22 lac basic (negotiable)","India, Maharashtra, Pune, Wadgaon Sheri",1 Bds - 1 Ba - 570 ft2,2021-06-08T02:50:59+0000,"₹ 24,50,000"
"Easily apply with 90-95% loan save 2.67 lacs in PMAY,3BHKonly in 22.90","2BHK  FOR SALE WITH OFFERS   IN Prime location - Ready to Move  - Price Start From 16.90 Lac  - 2Bhk + 2 Washrooms, Modular kitchen ,  Lights  - 1 Balcony  -Two Sides Open  - G+2   Concept  - Car Parking Available  - Park Available  - 24 hours Water Supply","India, Punjab, Mohali, Sector 56",3 Bds - 2 Ba - 1300 ft2,2021-06-08T02:50:50+0000,"₹ 21,90,000"
Fully ventilated airy 1 bhk sale in wadgaon sheri,"1BHK flat for sale. Location: Dhanwantari colony, near post office wadgaon sheri Pune.  Area: 607 Sq.Ft. •1st Floor. •Modular kitchen  •Road touch apartment. •1 covered car parking. •24×7 Water, Electricity. •security guard   Price:29.75 lac basic (negotiable)","India, Maharashtra, Pune, Wadgaon Sheri",1 Bds - 1 Ba - 607 ft2,2021-06-08T02:50:46+0000,"₹ 29,75,000"
Brand new 1bhk sale 500 metre from mundhwa junction,"1BHK flat for sale. Location: Shishak Society, Sasane Colony, Keshav Nagar, Mundhwa, Pune, Maharashtra 411036  Area: 571 Sq.Ft. •2nd Floor. •lift. •common parking. •24×7 Water, Electricity. •Security guard. •80%  finance loan facility.   Price: 17 lac basic (negotiable)","India, Maharashtra, Pune, Mundhwa",1 Bds - 1 Ba - 571 ft2,2021-06-08T02:50:31+0000,"₹ 17,00,000"
"TRINITY APPARTMENT EDAPPALLY , 3 BED ROOM FLAT FOR IMMEDIATE SALE","3 BED ROOM FLAT FOR IMMEDIATE SALE , TRINITY APPARTMENT, EDAPALLY, GOOD LOCATION, LULU FACING ,  PRICE SLIGHTLY NEGOTIABLE  FOR  IMMEDIATE SETTLEMENT , 10 + YEARS OLD, ONLY GENUINE BUYER PLS CONTACT, NO TIME PASSERS","India, Kerala, Kochi, Edappally",3 Bds - 4 Ba - 1763 ft2,2021-04-24T07:40:33+0000,"₹ 81,50,000"
धनोरा व उमेरपोटी व patripar रिसाली छेत्र मैं  नव निर्मित मकान बेचना है,"रिसाली patripar, धनोरा व उमेरपोति मैं वास्तु अनुरूप निर्मित 2 bhk मकान जिसमे वास्तु अनुरूप निर्माण व सभी ब्रांडेड सामानों द्वारा निर्माण कराया जा रहा है बेचना है","India, Chhattisgarh, Bhilai, Maroda Tank",2 Bds - 2 Ba - 1200 ft2,2021-06-03T10:36:37+0000,"₹ 26,99,000"
Premium Villa @ Naigaon Ready to Move.,Exclusive Villa with all leading amenities located at Naigaon.   Just 23km from Dahisar Check Naka.  Amenities Club House Gym Indoor games Multipurpose Court Jogging Track Kids Play Area Senior Citizen Area And many more..  95% loan possible.,"India, Maharashtra, Mumbai, Borivali East",1 Bds - 2 Ba - 1150 ft2,2021-05-14T04:25:34+0000,"₹ 45,00,000"
House for sale,Beautiful house located in quite area with all facilities,"India, Tamil Nadu, Karamadai, Kundha Colony",1 Bds - 2 Ba - 1150 ft2,2021-06-08T02:40:33+0000,"₹ 14,00,000"
"17 ലക്ഷം രൂപയ്ക്ക്,കരമന ജംഗ്ഷന് സമീപം,1.5 സെന്റും,പഴയ വീടും...","കരമന ജംഗ്ഷനിൽ നിന്നും,150 മീറ്റർ മാത്രം...  1.5 സെന്റ് സ്ഥലം...  ഷീറ്റിട്ട,പഴയ വീട്...  2 ബെഡ് റൂം...1 ബാത് റൂം...  2 Wheeler Parking Only...  പ്രതീക്ഷിക്കുന്ന വില : 17 ലക്ഷം   Genuine Buyers Only,Please Contact...  No ""Other Brokers"",Please...  For More Details, Feel Free To Call SUDHEER JEE : (8) EIGT (O)ZERO (8)EIGT (6)SIX (5)FIVE (7)SEVEN (8)EIGT (O)ZERO (O)ZERO (O)ZERO  Business Hours : 8 AM To 8 PM ( Direct Calls Only ) ( NO CHATTING )  24 Hours Available On WhatsApp...","India, Kerala, Thiruvananthapuram, Karamana",1 Bds - 1 Ba - 500 ft2,2021-06-08T02:39:24+0000,"₹ 17,00,000"
2BHK APARTMENT FLATS FOR SALE IN GATED VENTURE NEAR ECIL,"-NEWLY CONSTRUCTED  -950SFT  -2BEDROOMS,HALL,KITCHEN.  -IN GATED VENTURE  -NEAR TO ALL DAILY ESSENTISALS","India, Telangana, Hyderabad, ECIL",2 Bds - 2 Ba - 950 ft2,2021-06-08T02:39:23+0000,"₹ 37,00,000"
Flat for sell,"Flat for sell, with semi furnished.","India, Jharkhand, Gobindpur, Chanakya Nagar",3 Bds - 2 Ba - 1182 ft2,2021-06-08T02:39:03+0000,"₹ 35,00,000"
"1 BHK flat for sale urgent, 4 th floor","3 Room POP done , Door and Balcony Totally Grilled , 4th floor no lift","India, Maharashtra, Karad, Karad Rural",1 Bds - 1 Ba - 650 ft2,2021-06-08T02:38:39+0000,"₹ 10,99,999"
3 BHK Fully Furnished self interior house,"In Mangalam city , Aradhana Residency. Fully furnished flat. Available at Kalwar road within 200 mtr. All facilities available. Must visit once before looking for other option.","India, Rajasthan, Jaipur, Kalwar Road, Manglam City",3 Bds - 2 Ba - 1549 ft2,2021-06-08T02:38:16+0000,"₹ 45,00,000"
4 BHK SBI LONABLE HOUSE VILLA IN GATED COLONY AT SIRSI ROAD,4 BHK SBI LONABLE HOUSE VILLA IN GATED COLONY AT SIRSI ROAD JDA APPROVED LOANABLE WITH ALL THE FACILITIES AVAILABLE NEAR BY.  CONTACT US FOR FURTHER QUERY:-,"India, Rajasthan, Jaipur, Vaishali Nagar",4 Bds - 4 Ba - 1448 ft2,2021-06-08T02:38:02+0000,"₹ 53,00,000"
Fully furnished 3 bhk flat for sell ready move,3 bhk fully furnished flat available for sell in citylight area  Nice and wow feeling location area Near to school and market area New construction and new furniture  Actual image  All facility available  3 master bedroom with attached toilet  1 guest toilet available  1 floor 2 flat  Landmark location,"India, Gujarat, Surat, Citylight",3 Bds - 4 Ba - 2200 ft2,2021-06-08T02:37:32+0000,"₹ 1,25,00,000"
1Bhk untouched flat for sale,"Western Mumbai’s Biggest Real Estate Opportunity Comes to Kandivali West *Maximum Mumbai*  *RUPAREL OPTIMA, KANDIVALI WEST*  Land Parcel: 4.5 Acre 3 Towers 42 Storeys All Advanced and Modern Amenities like Banquet, Infinity Swimming Pool, Zen Garden, Gazebos, Multiple Purpose Courts etc.  *1 BHK – 322 Carpet    *Smart Homes By Jio Fiber*  *Furnished Homes by IKEA* - 2 seater comfortable sofa - Arm Chair - Designer Centre Table - Chic Side Table - Right Sized Bed With Mattress - 2 Door Wardrobe with a Mirror - Modular Kitchen with top and bottom cabinet  - AC in Living and Bedroom (Carrier or equivalent brand)","India, Maharashtra, Mumbai, Kandivali West",1 Bds - 1 Ba - 600 ft2,2021-06-08T02:37:25+0000,"₹ 61,60,000"
Sale sale sale 2 bhk flat best price in dindoli area,2 bhk flat  Nice location  Future investment best project  Rental income  Best residency  100% loan available  Subsidy 2.67 available  No brokerage More information call me pre msg me,"India, Gujarat, Surat, Dindoli Ambika Park",2 Bds - 2 Ba - 1168 ft2,2021-06-08T02:37:13+0000,"₹ 19,85,000"
BIG SIZE CORNER BUILDING 3 BHK APARTMENT FLAT AT JAGDAMBA NAGAR E,3 BHK APARTMENT FLAT FOR SALE AT JAGDAMBA NAGAR E NEAR HEERAPURA POWER HOUSE WITH ALL THE FACILITIES AVAILABLE NEAR BY.  CONTACT US FOR FURTHER QUERY:-,"India, Rajasthan, Jaipur, Ajmer Road",3 Bds - 2 Ba - 1600 ft2,2021-06-08T02:37:05+0000,"₹ 44,99,000"
PROPOSED HOUSE 180 SQ YARDS 2 BHK IN BANDLAGUDA NEAR ECIL,"Ahmedguda:  Nearby Supermarkets: Ushodaya, and More.  Nearby Shopping malls: kalyana maha lakshmi, Pi international, reliance mart and vishal mart.  Nearby Hospitals: janani hospital, poojitha hospital and vijaya hospital.  Nearby Banks: State Bank of India, Andhra bank and karur vysya bank  Nearby Theaters: Krishna Theater, Radhika movieplex and Talluri theaters.  Nearby Temples: hanuman temple, mallanna swamy temple, Jerusalem Prayer House and Jamiah Masjid.  100% clear titles and documents.  100% vaasthu  LOAN APRROVED PROJECT  LOAN facility is available from all banks.  80% on Loan offer from GIC (General Insurance Corporation)  6 KMS FROM ECIL  10% EXTRA for AMENITIES  North and east facing extra 10% on plot rate  Corners plots extra 15% on plot rate  North-east facing extra 20% on plot rate  Venture Highlights 1.	 B T  Roads 2.	 24 Hours water & Electricity 3.	Under Ground Drainage System 4.	Avenue Plantation     LOCATIONS:  * 6 KMS from Ecil,  * 0.5 KM S to Keesara ORR Main roads plots  * 5 KM Distance to cherlapally railway station ,  * 5  kms to Infosys","India, Telangana, Hyderabad, Ahmadguda",2 Bds - 2 Ba - 1500 ft2,2021-06-08T02:36:25+0000,"₹ 78,00,000"
1Bhk with Oc for sale,This is a 1Bhk flat for sale near Cinemax mall Kanakia Beverly Park Mira road east,"India, Maharashtra, Mumbai, Mira Road",1 Bds - 1 Ba - 400 ft2,2021-06-08T02:36:20+0000,"₹ 36,00,000"
"1BHK_ Ghodbunder Road,Hiranandani Esate, Thane West","''It's a Naturally Well-Lit home and semi furnished with wardrobes in all the rooms and good ventilation. Water is available 24/7 . The Main door has exactly East West Facing, which is considered as the most auspicious.Located in a friendly neighborhood It has easy access to market, schools, hospitals, banks and ATM's as well. TMT Bus Stand, and Auto rickshaw stand directly originates from the main gate premises itself . It has state of Art of Club House which has all latest amenities. Price is negotiable.'' Get this 1 BHK for sale in Thane West now, you save lakhs on brokerage! Situated on the 10th floor this home can comfortably serve your parking facility for car and bike needs. This East facing home is over 630 sqft. & is in a convenient location.  If you are looking for a home with intercom facility, security, lift & Wi-Fi access, this home is just right for you. You are viewing the right home if you would prefer a house with visitor parking, fire fighting equipment, sewage treatment plant & gas pipeline. With club house, space for kids to play, gym, park & swimming pool available in this home, you will always have something to do here.  Hiranandani Hospital being nearby, you never have to worry about getting help during a medical emergency.  Withdrawing money, buying groceries & finding public transport is very convenient from this home as super market, ATM & bus station are close by.  When you need a break from your hectic day, check out MJ PHOTOGRAPHY that is close by. If you are looking for gifts, or just want to spoil yourself, Big Shopping Center, Sanskruti Real Estate and Real Realty have a wide variety of things that you can choose from","India, Maharashtra, Thane, Hiranandani Estate",1 Bds - 2 Ba - 631 ft2,2021-06-08T02:35:39+0000,"₹ 59,90,000"
1Bhk flat for sale,This is a under construction project near Ramdev Park and it's 1Bhk master bedroom flat with modular kitchen available for sale,"India, Maharashtra, Mumbai, Mira Road",1 Bds - 2 Ba - 695 ft2,2021-06-08T02:35:17+0000,"₹ 59,00,000"
"125yard House pay9Lac. For Factory E.M.I Rs25,000. Rate35Lac.",For sale 125yard 4Bhk House Near Gillz Garden G.N.E. College Gill road Ludhiana. Rate35Lac. With Rs26Lac Loan .E.M.I. Rs25000. Per Moth .URGENT Sale. Very cheap Rate by Navtej properties jain Mandir dugri.chok. Ludhiana.,"India, Punjab, Ludhiana, Issar Singh Nagar",3 Bds - 3 Ba - 1350 ft2,2021-05-31T05:16:10+0000,"₹ 9,00,000"
"4 Bhk, 2400 sq ft Apartment for Sale In Jalandhar heights 2","Ultra-luxury 4 BHK Apartments with World-class Amenities For Sale in Jalandhar Heights II, 66 Ft Road, Jalandhar City. The unit boasts of major amenities like a gym, clubhouse, banquet hall, badminton court, swimming pool, landscaped garden, and kids play area.  # Advance security with intercom # Green Parks all around and complaint with Vastu # Indoor and outdoor sports facilities, Club House, swimming pool and gymnasium as    well as a jogging track and meditation area # Eco-friendly structure with flower garden and fountains  # Creche/Day for kids for ease living of working professionals # 24*7 water supply and power backup # Car parking for visitors # 80% percent open space # Two high speed lifts each Block # Shopping Complex # Tennis and Basket courts # Dispensary & Doctor family For more details or site visit please contact:   Call - 9.8.5.3.0_ 5.8.5.3.0  KOHINOOR PROPERTY STUDIO, 66 Ft ROAD, OPP PUNJAB & SIND BANK, NEAR URBAN ESTATE PHASE 2, JALANDHAR","India, Punjab, Jalandhar, Model Town",4 Bds - 4 Ba - 2400 ft2,2021-05-13T05:01:31+0000,"₹ 70,00,000"
200 yards Front 36 and 50 back Plot for sale in Kitchlu nagar,200 yards Front 36 and 50 back Plot for sale in Kitchlu nagar by Debbie,"India, Punjab, Ludhiana, Kitchlu Nagar",1 Bds - 1 Ba - 1800 ft2,2021-06-08T02:45:40+0000,"₹ 1,50,00,000"
200 yards 4 BHK brand new kothi sale in Durgapuri nr arey wla chowk,200 yards 4 BHK brand new kothi sale in Durgapuri nr arey wla chowk,"India, Punjab, Ludhiana, Durgapuri",4+ Bds - 4+ Ba - 1800 ft2,2021-06-08T02:45:17+0000,"₹ 1,35,00,000"
87 Mtr Corner House with two floors at Ram Ganga Vihar Extension,"Plot Size : 87 Mtr Floors constructed : 2  Corner Villa with 12 mtr and 7.5 mtr roads, East Facing. 2 parks just nearby to the house.  Semi Furnished status.","India, Uttar Pradesh, Moradabad, Harthala",3 Bds - 3 Ba - 936 ft2,2021-05-25T10:53:03+0000,"₹ 75,00,000"
2bhk ready to move semifurnished flat dwarka mor,2bhk ready to move flat 2 washroom  lift with carparking  80% homeloan   2.67lac subcidy  Near by dwarka mor,"India, Delhi, Delhi, Dwarka Mor",3 Bds - 2 Ba - 890 ft2,2021-06-03T12:16:34+0000,"₹ 35,00,000"
3BHK Spacious Apartment at Matunga East,"3 bhk is for urgent sale In very prestigious and decent; locality at Matunga East, Near SNDT College on main road society. Almost 45% less than the actual market rate. All major Prestiuos institutes are closed by. A profit-making society with 0 maintenance. All Elit people stay6ing in the society.","India, Maharashtra, Mumbai, Matunga East",3 Bds - 2 Ba - 1250 ft2,2021-05-23T05:23:47+0000,"₹ 2,66,00,000"
Well constructed single story house for sale,A well constructed house in a posh locality and a very peacefull surrounding with a park located nearby,"India, Uttar Pradesh, Meerut, Ganga Nagar",3 Bds - 2 Ba - 150 ft2,2021-06-08T02:45:12+0000,"₹ 55,00,000"
Its First Floor Flat,It’s On Ambala  Highway,"India, Punjab, Zirakpur, Nagar Khera",2 Bds - 2 Ba - 1260 ft2,2021-06-08T02:44:36+0000,"₹ 34,00,000"
2bhk unfurnished in gated complex in nuvem,2bhk unfurnished gated complex in nuvem,"India, Goa, Nuvem, Gounlloy",2 Bds - 2 Ba - 99 ft2,2021-06-08T02:43:59+0000,"₹ 45,00,000"
One bhk 75 sq meter in navelim near Easybuy mall,One bhk 75 sq meter in nsvelim gsted complex with parkinh,"India, Goa, Margao, Malbhat",1 Bds - 2 Ba - 75 ft2,2021-06-08T02:43:30+0000,"₹ 38,00,000"
1 BHK FLAT FOR SALE AT PORWAL ROAD LOHEGAON NEAR DHANORI JAKAT NAKA,"This 1 bhk luxorious and spacious flat with area of 570 sqft built up, and carpet is 460 sqft, is available at lohegaon porwal road, near dhanori jakat naka, this is first floor flat , lift is available to this property, water conection is done , pmc water is available for drink and boring is done for daily uset,all types of market is available to this location at walking distance.                                                    new contruction,construction will complete within two months only,flat location is very hot, property is within PMC limit, all types of schools and colleges are avaialbe wihin 5 km from this location, price of property is nigotiable,and including with registration charges, distance of other lacations from this properety are as follows pune airport - 4 km pune station - 10 km lohegaon bus stop - 2 km pride world city - 3 km vishrantwadi - 6 km dhanori jakat naka - 0.6 km hinjewadi - 25 km d y patil college - 3 km mmit college - 4 km","India, Maharashtra, Pune, Lohegaon",1 Bds - 2 Ba - 570 ft2,2021-06-08T02:43:23+0000,"₹ 21,50,000"
Shantinagar balvikas,Near balvikas rajbaha road,"India, Haryana, Panipat, Model Town",3 Bds - 2 Ba - 648 ft2,2021-06-08T02:43:09+0000,"₹ 40,00,000"
1 BHK FLAT FOR SALE AT LOHEGAON NIMBALKAR NAGAR NEAR PORWAL ROAD,"This 1 bhk luxorious and spacious flat with area of 546 sqft built up, and carpet is 420 sqft, is available at nimbalkar nagar lohegaon, near porwal road Aeropolis society and swapna sankul society , this is third  floor flat , lift is available to this property, water conection is done , pmc water is to come it will done within a year, and boring is done for daily use,all types of market is available to this location at walking distance.                                                    new contruction,construction will complete within 6 months only,flat location is very hot, property is within PMC limit, all types of schools and colleges are avaialbe wihin 5 km from this location, price of property is nigotiable,and including with registration charges, distance of other lacations from this properety are as follows pune airport - 4 km pune station - 10 km lohegaon bus stop - 2 km pride world city - 3 km vishrantwadi - 6 km dhanori jakat naka - 0.6 km hinjewadi - 25 km d y patil college - 3 km mmit college - 4 km","India, Maharashtra, Pune, Lohegaon",1 Bds - 2 Ba - 520 ft2,2021-06-08T02:43:09+0000,"₹ 20,00,000"
1 BHK FLAT FOR SALE AT SATHE VASTI LOHEGAON LANE 10,"This 1 bhk luxorious and spacious flat with area of 470 sqft built up and carpet is 360 sqft is available at lohegaon sathe vasti lane no 10 opposite to SWAMI SAMARTH MANDIR, near dhanori jakat naka, this is fourth floor flat, lift is available to this property, water conection is done , pmc water is available for drink and boring is done for daily use,all types of market is available to this location at walking distance.                                                     new contruction,raedy possession, you will get possession withis 15 days only,flat location is very hot, property is within PMC limit, all types of schools and colleges are avaialbe wihin 5 km from this location, price of property is nigotiable,and including with registration charges.","India, Maharashtra, Pune, Lohegaon",1 Bds - 1 Ba - 460 ft2,2021-06-08T02:42:25+0000,"₹ 16,75,000"
Portion House for Sale,"It is Portion House located in Anuparpalayam, Tiruppur. There are total 6 independent House available. We are getting 16000 monthly rent from that house. It is very good property to buy.  For further information you can contact me","India, Tamil Nadu, Tiruppur, Anuparpalayam",,2021-06-08T02:42:12+0000,"₹ 40,00,000"
1 BHK FLAT FOR SALE AT NIMBALKAR NAGAR LOHEGAON,"This 1 bhk luxorious and spacious flat with area of 546 sqft built up, and carpet is 420 sqft, is available at nimbalkar nagar lohegaon, near porwal road Aeropolis society and swapna sankul society , this is third  floor flat , lift is available to this property, water conection is done , pmc water is to come it will done within a year, and boring is done for daily use,all types of market is available to this location at walking distance.                                                    new contruction,construction will complete within 6 months only,flat location is very hot, property is within PMC limit, all types of schools and colleges are avaialbe wihin 5 km from this location, price of property is nigotiable,and including with registration charges, distance of other lacations from this properety are as follows pune airport - 4 km pune station - 10 km lohegaon bus stop - 2 km pride world city - 3 km vishrantwadi - 6 km dhanori jakat naka - 0.6 km hinjewadi - 25 km d y patil college - 3 km mmit college - 4 km","India, Maharashtra, Pune, Lohegaon",1 Bds - 2 Ba - 550 ft2,2021-06-08T02:42:02+0000,"₹ 19,00,000"
2bhk with stealth parking 300 meters to zalor beach semi furnished,300 meters to Zalor beach with lift n stealth parking n swimming pool semi furnished in varca,"India, Goa, Varca, Fatrade",2 Bds - 2 Ba - 98 ft2,2021-06-08T02:41:50+0000,"₹ 70,00,000"
1 BHK SPACIOUS FLAT FOR SALE LOHEGAON NIMBALKAR NAGAR,"this 1 bhk spacious flat for sale at lohegaon nimbalkar nagar, near panama park, swapna sankul, and aeropolice society, all types of market is at walking distance from this location, flat is located at very hot location near porwal road. water connection i being done in this location, borewell water is available for daily use, if you give this flat on rent you will get 7 to 8 thousand rent, this flat i good for investment purpose. distance of other lacations from this properety are as follows pune airport - 4 km pune station - 10 km lohegaon bus stop - 2 km pride world city - 3 km vishrantwadi - 6 km dhanori jakat naka - 0.6 km hinjewadi - 25 km d y patil college - 3 km mmit college - 4 km","India, Maharashtra, Pune, Lohegaon",1 Bds - 2 Ba - 550 ft2,2021-06-08T02:41:48+0000,"₹ 18,50,000"
"പട്ടം,ഹൃദയ ഭാഗത്ത്,മൂന്നു നില വീടും,10.5 സെന്റും...SudheerJeeS...","പട്ടം ജംഗ്ഷനിൽ നിന്നും,100 മീറ്ററിനുള്ളിൽ...  3 നില വീട്...  6 ബെഡ് റൂമുകൾ...  6 Attached Bath Rooms...  4500 Sq.Ft...  മൂന്നോ,അതിലധികമോ വാഹനങ്ങൾ പാർക്ക് ചെയ്യാനുള്ള സൗകര്യം ഉണ്ട്...  20 വർഷം പഴക്കം...  10.5  സെന്റ്,കരഭൂമി...  ലോറി സൈറ്റ്...  പ്രതീക്ഷിക്കുന്ന വില : Rs.3,25,00,000/- ( 3 കോടി 25 ലക്ഷം രൂപ ) ( Negotiable   )  Genuine Buyers Only,Please Contact...  No ""Other Brokers"",Please...  For More Details, Feel Free To Call SUDHEER JEE : (8) EIGT (O)ZERO (8)EIGT (6)SIX (5)FIVE (7)SEVEN (8)EIGT (O)ZERO (O)ZERO (O)ZERO  Business Hours : 8 AM To 8 PM ( Direct Calls Only ) ( NO CHATTING )  24 Hours Available On WhatsApp...","India, Kerala, Thiruvananthapuram, Pattom",4+ Bds - 4+ Ba - 4500 ft2,2021-06-08T02:41:25+0000,"₹ 3,25,00,000"
1 BHK FLAT FOR SALE AT NIMBALKAR NAGAR LOHEGAON AT VERY LOW PRICE,"this 1 bhk flat is available for sale at lohegaon nimbalkar nagar , falt is under construction, contraction work will complete wihin 7 to 8 months, so we are offering price of this property low ,  ventilation of flat is very good , west facing flat, all types of market is at walking distance from this scheme, price is nigotiable and inclusive of all registration charges. , distance of other lacations from this properety are as follows pune airport - 4 km pune station - 10 km lohegaon bus stop - 2 km pride world city - 3 km vishrantwadi - 6 km dhanori jakat naka - 0.6 km hinjewadi - 25 km d y patil college - 3 km mmit college - 4 km","India, Maharashtra, Pune, Lohegaon",1 Bds - 2 Ba - 600 ft2,2021-06-08T02:41:22+0000,"₹ 16,50,000"
"കമലേശ്വരം,ഇരുനില,ടെറസ് വീടും,32 സെന്റും...SudheerJeeS...","കമലേശ്വരം ജംഗ്ഷനിൽ നിന്നും 250 മീറ്റർ മാത്രം...  32 സെന്റ് സ്ഥലം...  3000 Sq.Ft.പഴയ,ഇരുനില കെട്ടിടം...  6  ബെഡ് റൂം...  4 ബാത് റൂം...  Suitable For Both Commercial And Residential Purposes...  Expecting Price : 12 Lakhs/Cent (Rs.3,84,00000) (3 Crores & 84 Lakhs)  Genuine Buyers Only,Please Contact...  No ""Other Brokers"",Please...  For More Details, Feel Free To Call SUDHEER JEE : (8) EIGT (O)ZERO (8)EIGT (6)SIX (5)FIVE (7)SEVEN (8)EIGT (O)ZERO (O)ZERO (O)ZERO  Business Hours : 8 AM To 8 PM ( Direct Calls Only ) ( NO CHATTING )  24 Hours Available On WhatsApp...","India, Kerala, Thiruvananthapuram, Kamaleswaram",4+ Bds - 4 Ba - 3000 ft2,2021-06-08T02:40:41+0000,"₹ 3,84,00,000"
